-- --------------------------------------------------------
-- Host:                         91.108.124.189
-- Versión del servidor:         8.0.41 - MySQL Community Server - GPL
-- SO del servidor:              Linux
-- HeidiSQL Versión:             12.7.0.6850
-- --------------------------------------------------------

/*!40101 SET @OLD_CHARACTER_SET_CLIENT=@@CHARACTER_SET_CLIENT */;
/*!40101 SET NAMES utf8 */;
/*!50503 SET NAMES utf8mb4 */;
/*!40103 SET @OLD_TIME_ZONE=@@TIME_ZONE */;
/*!40103 SET TIME_ZONE='+00:00' */;
/*!40014 SET @OLD_FOREIGN_KEY_CHECKS=@@FOREIGN_KEY_CHECKS, FOREIGN_KEY_CHECKS=0 */;
/*!40101 SET @OLD_SQL_MODE=@@SQL_MODE, SQL_MODE='NO_AUTO_VALUE_ON_ZERO' */;
/*!40111 SET @OLD_SQL_NOTES=@@SQL_NOTES, SQL_NOTES=0 */;


-- Volcando estructura de base de datos para crm
CREATE DATABASE IF NOT EXISTS `crm` /*!40100 DEFAULT CHARACTER SET utf8mb4 COLLATE utf8mb4_general_ci */ /*!80016 DEFAULT ENCRYPTION='N' */;
USE `crm`;

-- Volcando estructura para procedimiento crm.actualizar_precios_por_compra
DELIMITER //
CREATE PROCEDURE `actualizar_precios_por_compra`(
	IN `idfacc` INT
)
BEGIN
    DECLARE done INT DEFAULT 0;
    DECLARE done_listas INT DEFAULT 0;
    DECLARE v_idarticulo INT;
    DECLARE v_costo DECIMAL(10,2);
    DECLARE v_idlista INT;
    DECLARE v_markup DECIMAL(10,2);

    -- Cursor para recorrer la tabla de artículos
    DECLARE compra_cursor CURSOR FOR
        SELECT idarticulo, precio_unitario FROM itemsc
        WHERE idfactura = idfacc;

    -- Cursor para recorrer la tabla de listas de precios
    DECLARE listas_cursor CURSOR FOR
        SELECT id, markup FROM listas_precio;

    -- Declaración de handler para salir del bucle del cursor
    DECLARE CONTINUE HANDLER FOR NOT FOUND 
    BEGIN
        IF done = 0 THEN
            SET done = 1;
        ELSE
            SET done_listas = 1;
        END IF;
    END;

    OPEN compra_cursor;

    leer_articulo: LOOP
        FETCH compra_cursor INTO v_idarticulo, v_costo;

        IF done THEN
            LEAVE leer_articulo;
        END IF;

        -- Abrir el cursor de listas de precios
        SET done_listas = 0;
        OPEN listas_cursor;

        leer_listas: LOOP
            FETCH listas_cursor INTO v_idlista, v_markup;

            IF done_listas THEN
                LEAVE leer_listas;
            END IF;

            -- Insertar o actualizar el precio en la tabla de precios
            INSERT INTO precios (idlista, idarticulo, precio)
            VALUES (v_idlista, v_idarticulo, v_costo * v_markup)
            ON DUPLICATE KEY UPDATE precio = v_costo * v_markup;
        END LOOP;

        CLOSE listas_cursor;
    END LOOP;

    CLOSE compra_cursor;
END//
DELIMITER ;

-- Volcando estructura para procedimiento crm.actualizar_precios_por_lista
DELIMITER //
CREATE PROCEDURE `actualizar_precios_por_lista`(IN p_idlista INT, IN p_markup DECIMAL(10,2))
BEGIN
    DECLARE done INT DEFAULT 0;
    DECLARE v_idarticulo INT;
    DECLARE v_costo DECIMAL(10,2);
    
    -- Cursor para recorrer la tabla de artículos
    DECLARE articulo_cursor CURSOR FOR
        SELECT id, costo FROM articulos;

    -- Declaración de handler para salir del bucle del cursor
    DECLARE CONTINUE HANDLER FOR NOT FOUND SET done = 1;

    OPEN articulo_cursor;

    leer_articulo: LOOP
        FETCH articulo_cursor INTO v_idarticulo, v_costo;
        
        IF done THEN
            LEAVE leer_articulo;
        END IF;

        -- Insertar o actualizar el precio en la tabla de precios
        INSERT INTO precios (idlista, idarticulo, precio)
        VALUES (p_idlista, v_idarticulo, v_costo * p_markup)
        ON DUPLICATE KEY UPDATE precio = v_costo * p_markup;
        
    END LOOP;

    CLOSE articulo_cursor;
END//
DELIMITER ;

-- Volcando estructura para tabla crm.alc_ib
CREATE TABLE IF NOT EXISTS `alc_ib` (
  `id` int NOT NULL AUTO_INCREMENT,
  `descripcion` varchar(100) COLLATE utf8mb4_general_ci NOT NULL,
  `alicuota` decimal(20,6) NOT NULL,
  PRIMARY KEY (`id`)
) ENGINE=InnoDB AUTO_INCREMENT=3 DEFAULT CHARSET=utf8mb4 COLLATE=utf8mb4_general_ci;

-- Volcando datos para la tabla crm.alc_ib: ~2 rows (aproximadamente)
REPLACE INTO `alc_ib` (`id`, `descripcion`, `alicuota`) VALUES
	(1, 'Tasa de comercio', 3.000000),
	(2, 'Tasa de industria', 1.500000);

-- Volcando estructura para tabla crm.alc_iva
CREATE TABLE IF NOT EXISTS `alc_iva` (
  `id` int NOT NULL AUTO_INCREMENT,
  `descripcion` varchar(100) COLLATE utf8mb4_general_ci NOT NULL,
  `alicuota` decimal(20,6) NOT NULL DEFAULT '0.000000',
  PRIMARY KEY (`id`)
) ENGINE=InnoDB AUTO_INCREMENT=4 DEFAULT CHARSET=utf8mb4 COLLATE=utf8mb4_general_ci;

-- Volcando datos para la tabla crm.alc_iva: ~3 rows (aproximadamente)
REPLACE INTO `alc_iva` (`id`, `descripcion`, `alicuota`) VALUES
	(1, 'IVA 21', 21.000000),
	(2, 'IVA 10,5', 10.500000),
	(3, 'IVA 27', 27.000000);

-- Volcando estructura para tabla crm.articulos
CREATE TABLE IF NOT EXISTS `articulos` (
  `id` int NOT NULL AUTO_INCREMENT,
  `codigo` varchar(50) COLLATE utf8mb4_general_ci NOT NULL,
  `detalle` varchar(200) COLLATE utf8mb4_general_ci NOT NULL,
  `costo` decimal(20,6) NOT NULL DEFAULT '0.000000',
  `idiva` int NOT NULL,
  `idmarca` int NOT NULL,
  `idrubro` int NOT NULL,
  `idtipoarticulo` int NOT NULL DEFAULT '1',
  `imagen` varchar(255) COLLATE utf8mb4_general_ci DEFAULT NULL,
  `es_compuesto` smallint NOT NULL DEFAULT '0',
  `exento` decimal(20,6) DEFAULT NULL,
  `impint` decimal(20,6) DEFAULT NULL,
  `idib` int DEFAULT NULL,
  PRIMARY KEY (`id`),
  KEY `FK_MARCAS` (`idmarca`),
  KEY `FK_ALCIVA` (`idiva`),
  KEY `FK_RUBROS` (`idrubro`),
  KEY `FK_ALCIB` (`idib`),
  CONSTRAINT `FK_ALCIB` FOREIGN KEY (`idib`) REFERENCES `alc_ib` (`id`),
  CONSTRAINT `FK_ALCIVA` FOREIGN KEY (`idiva`) REFERENCES `alc_iva` (`id`),
  CONSTRAINT `FK_MARCAS` FOREIGN KEY (`idmarca`) REFERENCES `marcas` (`id`),
  CONSTRAINT `FK_RUBROS` FOREIGN KEY (`idrubro`) REFERENCES `rubros` (`id`)
) ENGINE=InnoDB AUTO_INCREMENT=269 DEFAULT CHARSET=utf8mb4 COLLATE=utf8mb4_general_ci;

-- Volcando datos para la tabla crm.articulos: ~268 rows (aproximadamente)
REPLACE INTO `articulos` (`id`, `codigo`, `detalle`, `costo`, `idiva`, `idmarca`, `idrubro`, `idtipoarticulo`, `imagen`, `es_compuesto`, `exento`, `impint`, `idib`) VALUES
	(1, '7798177226196', 'ACNEX DEPURE CONTROL TOPIC X 15 G', 10700.000000, 1, 1, 3, 1, NULL, 0, 0.000000, 0.000000, 1),
	(2, '7798177222181', 'ACNEX DEPURE CONTROL TREATMENT X 50 GRS', 16400.000000, 1, 1, 3, 1, NULL, 0, 0.000000, 0.000000, 1),
	(3, '7798177222167', 'ACNEX DEPURE INTENSIVE CLEANSER X 100 GRS', 12600.000000, 1, 1, 3, 1, NULL, 0, 0.000000, 0.000000, 1),
	(4, '7798177227032', 'ACNEX DEPURE CONTROL COVER', 11500.000000, 1, 1, 3, 1, NULL, 0, 0.000000, 0.000000, 1),
	(5, '7798177224529', 'AQUA SHOT CREMA CORPORAL HIDRATANTE X 280 G', 12900.000000, 1, 1, 1, 1, NULL, 0, 0.000000, 0.000000, 1),
	(6, '7798177223201', 'AQUA SHOT CREMA FACIAL HIDRATANTE X 50 G', 14500.000000, 1, 1, 1, 1, NULL, 0, 0.000000, 0.000000, 1),
	(7, '7798177223188', 'AQUA SHOT LOCIÓN MICELAR 3 EN 1 X 190 ML', 11300.000000, 1, 1, 1, 1, NULL, 0, 0.000000, 0.000000, 1),
	(8, '7798177223782', 'AQUA SHOT LOCIÓN MICELAR 3 EN 1 X 490 ML', 17600.000000, 1, 1, 1, 1, NULL, 0, 0.000000, 0.000000, 1),
	(9, '7798177226233', 'AQUA SHOT GEL SCRUB X 100 G', 9000.000000, 1, 1, 1, 1, NULL, 0, 0.000000, 0.000000, 1),
	(10, '7798177225229', 'BIOSMOTIC WATER BOOSTER X 75 ML', 13400.000000, 1, 1, 1, 1, NULL, 0, 0.000000, 0.000000, 1),
	(11, '7798177225199', 'BIOSMOTIC WATER CREAM X 50 G', 20600.000000, 1, 1, 1, 1, NULL, 0, 0.000000, 0.000000, 1),
	(12, '7798177225847', 'BIOSMOTIC WATER DROPS X 30 G', 20200.000000, 1, 1, 1, 1, NULL, 0, 0.000000, 0.000000, 1),
	(13, '7798177225274', 'FORMULA DESPIGMENTANTE X 50 G', 14200.000000, 1, 1, 1, 1, NULL, 0, 0.000000, 0.000000, 1),
	(14, '77969446', 'FORMULA TRANEXAMICO X 30 ML', 14600.000000, 1, 1, 1, 1, NULL, 0, 0.000000, 0.000000, 1),
	(15, '7798177225977', 'CB2 POWER BODY MASSAGE X 500 G', 19600.000000, 1, 1, 1, 1, NULL, 0, 0.000000, 0.000000, 1),
	(16, '7798177225991', 'CB2 POWER LOTION X 200 ML', 14000.000000, 1, 1, 1, 1, NULL, 0, 0.000000, 0.000000, 1),
	(17, '7798177225984', 'CB2 POWER MASK X 150 G', 12900.000000, 1, 1, 1, 1, NULL, 0, 0.000000, 0.000000, 1),
	(18, '7798177220460', 'CELLACTIVE ANTI AGE TECNOMASK', 3120.000000, 1, 1, 1, 1, NULL, 1, 0.000000, 0.000000, 1),
	(19, '7798177220477', 'CELLACTIVE CLEANSING GEL X 100 GRS', 11500.000000, 1, 1, 1, 1, NULL, 0, 0.000000, 0.000000, 1),
	(20, '7798177220088', 'CELLACTIVE HIDRO CREAM X 50 GRS', 16800.000000, 1, 1, 1, 1, NULL, 0, 0.000000, 0.000000, 1),
	(21, '7798177220453', 'CELLACTIVE LONGEVITY CREAM X 50 GRS', 19800.000000, 1, 1, 1, 1, NULL, 0, 0.000000, 0.000000, 1),
	(22, '7798177224185', 'DETOXIFY CHARCOAL MASK X 150 G', 16200.000000, 1, 1, 1, 1, NULL, 0, 0.000000, 0.000000, 1),
	(23, '7798177224192', 'DETOXIFY DAILY EMULSION X 50 G', 16000.000000, 1, 1, 1, 1, NULL, 0, 0.000000, 0.000000, 1),
	(24, '7798177224208', 'DETOXIFY DEEP CLEANSER X 110 G', 12400.000000, 1, 1, 1, 1, NULL, 0, 0.000000, 0.000000, 1),
	(25, '7798177225120', 'DETOXIFY DEEP CLEANSER X 480 G', 19200.000000, 1, 1, 1, 1, NULL, 0, 0.000000, 0.000000, 1),
	(26, '7798177225496', 'DHERMA SCIENCE ADVANCED FORMULA X 32 G', 24200.000000, 1, 1, 4, 1, NULL, 0, 0.000000, 0.000000, 1),
	(27, '7798177225007', 'DHERMA SCIENCE EYE DRONE TECHNOLOGY X 15 G', 22500.000000, 1, 1, 4, 1, NULL, 0, 0.000000, 0.000000, 1),
	(28, '7798177225823', 'DHERMA SCIENCE NIGHT RESET CREAM X 50 G', 26500.000000, 1, 1, 4, 1, NULL, 0, 0.000000, 0.000000, 1),
	(29, '7798177224505', 'DHERMA SCIENCE PROTEO-C SOLUTION', 24600.000000, 1, 1, 4, 1, NULL, 0, 0.000000, 0.000000, 1),
	(30, '7798177224475', 'DHERMA SCIENCE TREATMENT OIL X 34 ML', 23700.000000, 1, 1, 4, 1, NULL, 0, 0.000000, 0.000000, 1),
	(31, '7798177222266', 'DHERMA FILLER INSTANT SERUM', 21800.000000, 1, 1, 4, 1, NULL, 0, 0.000000, 0.000000, 1),
	(32, '7798177224598', 'DHERMA FILLER TREATMENT', 17200.000000, 1, 1, 4, 1, NULL, 0, 0.000000, 0.000000, 1),
	(33, '7798177222303', 'DHERMA TENSE CREAM X 50 GRS', 21700.000000, 1, 1, 4, 1, NULL, 0, 0.000000, 0.000000, 1),
	(34, '7798177224604', 'DHERMA TENSE TREATMENT', 17900.000000, 1, 1, 4, 1, NULL, 0, 0.000000, 0.000000, 1),
	(35, '7798177226394', 'CELLUINTENSE CREMA X 500 G', 23700.000000, 1, 1, 1, 1, NULL, 0, 0.000000, 0.000000, 1),
	(36, '7798177226400', 'CELLUINTENSE EMULSION X 180 G', 13800.000000, 1, 1, 1, 1, NULL, 0, 0.000000, 0.000000, 1),
	(37, '7798177220514', 'CELLUPORINE X 180 GRS', 17800.000000, 1, 1, 1, 1, NULL, 0, 0.000000, 0.000000, 1),
	(38, '7798177223157', 'CELLUPORINE X 500 G', 26700.000000, 1, 1, 1, 1, NULL, 0, 0.000000, 0.000000, 1),
	(39, '7798177220613', 'CRIOGEL X 480 GRS', 17500.000000, 1, 1, 1, 1, NULL, 0, 0.000000, 0.000000, 1),
	(40, '7798177220736', 'ESPUMA CORPORAL X 300 GRS', 16000.000000, 1, 1, 1, 1, NULL, 0, 0.000000, 0.000000, 1),
	(41, '7798177226622', 'GEL CONDUCTOR 500 G', 7900.000000, 1, 1, 1, 1, NULL, 0, 0.000000, 0.000000, 1),
	(42, '7798177221009', 'FORMULA MASAJE REDUCTOR X 500 GRS', 20300.000000, 1, 1, 1, 1, NULL, 0, 0.000000, 0.000000, 1),
	(43, '7798177221016', 'FORMULA MASAJE CELULITIS 500 GRS', 20300.000000, 1, 1, 1, 1, NULL, 0, 0.000000, 0.000000, 1),
	(44, '7798177225045', 'MASAJE CORPORAL CON DMAE X 500 G', 22600.000000, 1, 1, 1, 1, NULL, 0, 0.000000, 0.000000, 1),
	(45, '7798177226615', 'MASAJE UNIVERSAL 500 G', 12800.000000, 1, 1, 1, 1, NULL, 0, 0.000000, 0.000000, 1),
	(46, '7798177221276', 'FORMULA TERMO GEL X 500 GRS', 18500.000000, 1, 1, 1, 1, NULL, 0, 0.000000, 0.000000, 1),
	(47, '7798177224697', 'ADN POLIMERIZADO X 320 G', 22800.000000, 1, 1, 1, 1, NULL, 0, 0.000000, 0.000000, 1),
	(48, '7798177220262', 'ADN POLIMERIZADO X 50 GRS', 14000.000000, 1, 1, 1, 1, NULL, 0, 0.000000, 0.000000, 1),
	(49, '7798177225021', 'FORMULA FIRMOSOMAS CON DMAE X 320 G', 23300.000000, 1, 1, 1, 1, NULL, 0, 0.000000, 0.000000, 1),
	(50, '7798177225038', 'FORMULA FIRMOSOMAS CON DMAE X 50 G', 14600.000000, 1, 1, 1, 1, NULL, 0, 0.000000, 0.000000, 1),
	(51, '7798177224666', 'HIDROSOMAS X 320 G', 20400.000000, 1, 1, 1, 1, NULL, 0, 0.000000, 0.000000, 1),
	(52, '7798177222600', 'HIDROSOMAS X 50 GRS', 13900.000000, 1, 1, 1, 1, NULL, 0, 0.000000, 0.000000, 1),
	(53, '7798177223263', 'HIERBAS X 125 ML', 10300.000000, 1, 1, 1, 1, NULL, 0, 0.000000, 0.000000, 1),
	(54, '7798177220811', 'HIERBAS X 500 CC', 17500.000000, 1, 1, 1, 1, NULL, 0, 0.000000, 0.000000, 1),
	(55, '7798177224673', 'NUTRISOMAS X 320 G', 23300.000000, 1, 1, 1, 1, NULL, 0, 0.000000, 0.000000, 1),
	(56, '7798177224321', 'NUTRISOMAS X 50 G', 15000.000000, 1, 1, 1, 1, NULL, 0, 0.000000, 0.000000, 1),
	(57, '7798177226387', 'PEPTISOMAS X 320 G', 27100.000000, 1, 1, 1, 1, NULL, 0, 0.000000, 0.000000, 1),
	(58, '7798177226370', 'PEPTISOMAS X 50 G', 16700.000000, 1, 1, 1, 1, NULL, 0, 0.000000, 0.000000, 1),
	(59, '7798177226592', 'VITASHIELD AGELESS COMPLEX x 50 G', 16800.000000, 1, 1, 1, 1, NULL, 0, 0.000000, 0.000000, 1),
	(60, '7798177226608', 'VITASHIELD HYDRA COMPLEX x 50 G', 14900.000000, 1, 1, 1, 1, NULL, 0, 0.000000, 0.000000, 1),
	(61, '7798177224680', 'ABRASIVA POLVO X 250 G', 15700.000000, 1, 1, 1, 1, NULL, 0, 0.000000, 0.000000, 1),
	(62, '7798177223270', 'DEMAQUILLANTE DE OJOS X 125 ML', 17900.000000, 1, 1, 1, 1, NULL, 0, 0.000000, 0.000000, 1),
	(63, '7798177220675', 'DERMO SCRUB X 100 GRS', 14000.000000, 1, 1, 1, 1, NULL, 0, 0.000000, 0.000000, 1),
	(64, '7798177224840', 'JABON LIQUIDO X 180 G', 11900.000000, 1, 1, 1, 1, NULL, 0, 0.000000, 0.000000, 1),
	(65, '7798177223164', 'LIMPIEZA EMULSION X 110 G', 11000.000000, 1, 1, 1, 1, NULL, 0, 0.000000, 0.000000, 1),
	(66, '7798177220927', 'LIMPIEZA EMULSION X 500 GRS', 16800.000000, 1, 1, 1, 1, NULL, 0, 0.000000, 0.000000, 1),
	(67, '7798177225908', 'HYALURONIC 4D CLEANSING FOAM X 145 ML', 14200.000000, 1, 1, 1, 1, NULL, 0, 0.000000, 0.000000, 1),
	(68, '7798177225892', 'HYALURONIC 4D EYES X 15 G', 23000.000000, 1, 1, 1, 1, NULL, 0, 0.000000, 0.000000, 1),
	(69, '7798177225564', 'HYALURONIC 4D FACE  CREAM X 50 G', 23500.000000, 1, 1, 1, 1, NULL, 0, 0.000000, 0.000000, 1),
	(70, '7798177226110', 'HYALURONIC 4D RICH CREAM X 50 G', 22600.000000, 1, 1, 1, 1, NULL, 0, 0.000000, 0.000000, 1),
	(71, '7798177225557', 'HYALURONIC 4D SERUM X 30 G', 21600.000000, 1, 1, 1, 1, NULL, 0, 0.000000, 0.000000, 1),
	(72, '7798177224512', 'HYDRAPORE CONTORNO DE OJOS X 15 ML', 14600.000000, 1, 1, 1, 1, NULL, 0, 0.000000, 0.000000, 1),
	(73, '7798177224956', 'HYDRAPORE CREMA-GEL X 50 G', 18900.000000, 1, 1, 1, 1, NULL, 0, 0.000000, 0.000000, 1),
	(74, '7798177220880', 'HYDRAPORE LOCION X 130 CC', 14100.000000, 1, 1, 1, 1, NULL, 0, 0.000000, 0.000000, 1),
	(75, '7798177222853', 'INTENSIVE CARE HAND CREAM X 100 GRS', 10400.000000, 1, 1, 1, 1, NULL, 0, 0.000000, 0.000000, 1),
	(76, '7798177225342', 'MASCARA DESCONGESTIVA X 150 G', 11600.000000, 1, 1, 1, 1, NULL, 0, 0.000000, 0.000000, 1),
	(77, '7798177221108', 'MOUSSE DE AVENA X 250 GRS', 19000.000000, 1, 1, 1, 1, NULL, 0, 0.000000, 0.000000, 1),
	(78, '7798177221269', 'TECNO MASK LIFTENSE', 9300.000000, 1, 1, 1, 1, NULL, 0, 0.000000, 0.000000, 1),
	(79, '77945457', 'LIP CARE 3D X 15 GRS', 13000.000000, 1, 1, 1, 1, 'lidherma-crema_vitamina_c_antioxidante1595098639.jpg', 0, 0.000000, 0.000000, 1),
	(80, '7798177223799', 'LUMIN EYES X 30 G', 13900.000000, 1, 1, 1, 1, NULL, 0, 0.000000, 0.000000, 1),
	(81, '7798177221290', 'TRI-SILK X 30 GRS', 17000.000000, 1, 1, 1, 1, NULL, 0, 0.000000, 0.000000, 1),
	(82, '77971968', 'BUTILRESORCINOL X 30 ML', 10600.000000, 1, 1, 1, 1, NULL, 0, 0.000000, 0.000000, 1),
	(83, '77971999', 'GLICOLICO X 30 ML', 10500.000000, 1, 1, 1, 1, NULL, 0, 0.000000, 0.000000, 1),
	(84, '77971982', 'LACTICO X 30 ML', 10500.000000, 1, 1, 1, 1, NULL, 0, 0.000000, 0.000000, 1),
	(85, '77971951', 'SALICILICO X 30 ML', 10500.000000, 1, 1, 1, 1, NULL, 0, 0.000000, 0.000000, 1),
	(86, '7798177226189', 'PLASMA INFUSION EYE CONTOUR X 15 G', 18000.000000, 1, 1, 1, 1, NULL, 0, 0.000000, 0.000000, 1),
	(87, '7798177224949', 'PLASMA INFUSION FACE CREAM X 50 G', 22400.000000, 1, 1, 1, 1, NULL, 0, 0.000000, 0.000000, 1),
	(88, '7798177224932', 'PLASMA INFUSION FACE ENERGY X 50 G', 22400.000000, 1, 1, 1, 1, NULL, 0, 0.000000, 0.000000, 1),
	(89, '7798177224260', 'PLASMA INFUSION FACE MASK DISPENSER X 24 U', 33500.000000, 1, 1, 1, 1, NULL, 0, 0.000000, 0.000000, 1),
	(90, '7798177224253', 'PLASMA INFUSION FACE MASK UNIDOSIS X 12 G', 3200.000000, 1, 1, 1, 1, NULL, 0, 0.000000, 0.000000, 1),
	(91, '7798177225359', 'PLASMA INFUSION SERUM X 30 G', 17100.000000, 1, 1, 1, 1, NULL, 0, 0.000000, 0.000000, 1),
	(92, '7798177226219', 'PLASMA INFUSION FACE MASK X 150 G', 14600.000000, 1, 1, 1, 1, NULL, 0, 0.000000, 0.000000, 1),
	(93, '77975553', 'FORMULA ARGIRELINE AMPLIFIED® X 30 ML', 17900.000000, 1, 1, 1, 1, NULL, 0, 0.000000, 0.000000, 1),
	(94, '7798177226707', 'FORMULA B12 X 30 ML', 17900.000000, 1, 1, 1, 1, NULL, 0, 0.000000, 0.000000, 1),
	(95, '77975560', 'FORMULA BIOCERAMIDAS X 30 ML', 14600.000000, 1, 1, 1, 1, NULL, 0, 0.000000, 0.000000, 1),
	(96, '77975522', 'FORMULA COLLAGEN X 30 ML', 14600.000000, 1, 1, 1, 1, NULL, 0, 0.000000, 0.000000, 1),
	(97, '77966735', 'FORMULA DMAE X 30 ML', 14600.000000, 1, 1, 1, 1, NULL, 0, 0.000000, 0.000000, 1),
	(98, '77975515', 'FORMULA HIALURONICO X 30 ML', 17900.000000, 1, 1, 1, 1, NULL, 0, 0.000000, 0.000000, 1),
	(99, '7798177226417', 'FORMULA MELATONINA X 30 ML', 17900.000000, 1, 1, 1, 1, NULL, 0, 0.000000, 0.000000, 1),
	(100, '7798177227285', 'FORMULA NIACINAMIDA X 30ML', 14600.000000, 1, 1, 1, 1, NULL, 0, 0.000000, 0.000000, 1),
	(101, '7798177226424', 'FORMULA RESVERATROL X 30 ML', 17900.000000, 1, 1, 1, 1, NULL, 0, 0.000000, 0.000000, 1),
	(102, '77975546', 'FORMULA RETINOL X 30 ML', 17900.000000, 1, 1, 1, 1, NULL, 0, 0.000000, 0.000000, 1),
	(103, '77975584', 'FORMULA SILICIO H X 30 ML', 17900.000000, 1, 1, 1, 1, NULL, 0, 0.000000, 0.000000, 1),
	(104, '77975539', 'FORMULA VITAMINA C COMPLEX X 30 ML', 14900.000000, 1, 1, 1, 1, NULL, 0, 0.000000, 0.000000, 1),
	(105, '7798177220408', 'BRUMISSAGE X 200 GRS GATILLO', 15100.000000, 1, 1, 1, 1, NULL, 0, 0.000000, 0.000000, 1),
	(106, '7798177221559', 'PROT SOLAR SPF 50+ COLOR UVA PLUS', 17500.000000, 1, 1, 1, 1, NULL, 0, 0.000000, 0.000000, 1),
	(107, '7798177221542', 'PROT SOLAR SPF 50+ UVA PLUS', 20400.000000, 1, 1, 1, 1, NULL, 0, 0.000000, 0.000000, 1),
	(108, '7798177220057', 'PROT SOLAR UVA PLUS SPF 30 SPRAY 150 GRS', 19800.000000, 1, 1, 1, 1, NULL, 0, 0.000000, 0.000000, 1),
	(109, '7798177224833', 'PROTECTOR SOLAR UVA PLUS SPF 40 EMULSION CON COLOR X 60 G', 17000.000000, 1, 1, 1, 1, NULL, 0, 0.000000, 0.000000, 1),
	(110, '7798177223577', 'PROTECTOR SOLAR UVA PLUS SPF 40 X 60 G', 16500.000000, 1, 1, 1, 1, NULL, 0, 0.000000, 0.000000, 1),
	(111, '7798177222570', 'TOTAL BRONZE X 150 GRS', 18700.000000, 1, 1, 1, 1, NULL, 0, 0.000000, 0.000000, 1),
	(112, '7798177225830', 'RADIAN C BRIGHTENING SERUM X 30 G', 18100.000000, 1, 1, 1, 1, NULL, 0, 0.000000, 0.000000, 1),
	(113, '7798177224987', 'RADIAN C FACE MASK X 80 G', 16900.000000, 1, 1, 1, 1, NULL, 0, 0.000000, 0.000000, 1),
	(114, '7798177225014', 'RADIAN C FIRMING BODY CREAM X 180 G', 18100.000000, 1, 1, 1, 1, NULL, 0, 0.000000, 0.000000, 1),
	(115, '7798177226202', 'RADIAN C HAND CREAM X 50 G', 10900.000000, 1, 1, 1, 1, NULL, 0, 0.000000, 0.000000, 1),
	(116, '7798177224970', 'RADIAN C LIGHTENING FACE CREAM X 50 G', 21700.000000, 1, 1, 1, 1, NULL, 0, 0.000000, 0.000000, 1),
	(117, '7798177224987', 'RADIAN C FACE MASK X 70 G', 16900.000000, 1, 1, 1, 1, NULL, 0, 0.000000, 0.000000, 1),
	(118, '7798177226721', 'RADIAN C REVITALIZING MASK X 150G', 18100.000000, 1, 1, 1, 1, NULL, 0, 0.000000, 0.000000, 1),
	(119, '7798177220996', 'MANDELICO X 50 GRS', 14600.000000, 1, 1, 1, 1, NULL, 0, 0.000000, 0.000000, 1),
	(120, '77959904', 'ULTRA RENOVA PADS X 30 U', 16700.000000, 1, 1, 1, 1, NULL, 0, 0.000000, 0.000000, 1),
	(121, '77958389', 'ULTRA RETINOL X 30 GRS ', 12500.000000, 1, 1, 1, 1, 'D_NQ_NP_607970-MLA74090506478_012024-O.jpg', 0, 0.000000, 0.000000, 1),
	(122, '7798177225243', 'RENOVAGE FACIAL PIELES SENSIBLES X 30 G', 16200.000000, 1, 1, 1, 1, NULL, 0, 0.000000, 0.000000, 1),
	(123, '7798177220194', 'RENOVAGE NORMALES X 30 GRS', 18100.000000, 1, 1, 1, 1, NULL, 0, 0.000000, 0.000000, 1),
	(124, '7798177225236', 'RENOVAGE PEELING ENZIMATICO X 70 G', 18400.000000, 1, 1, 1, 1, NULL, 0, 0.000000, 0.000000, 1),
	(125, '7798177220187', 'RENOVAGE ULTRASECAS X 50 GRS', 18200.000000, 1, 1, 1, 1, NULL, 0, 0.000000, 0.000000, 1),
	(126, '7798177220170', 'RENOVAGE X 180 GRS', 16800.000000, 1, 1, 1, 1, NULL, 0, 0.000000, 0.000000, 1),
	(127, '7798177225793', 'RETINOL A+ CREAM X 50 G', 24800.000000, 1, 1, 1, 1, NULL, 0, 0.000000, 0.000000, 1),
	(128, '7798177225816', 'RETINOL A+ EMULSION X 30 ML', 23400.000000, 1, 1, 1, 1, NULL, 0, 0.000000, 0.000000, 1),
	(129, '7798177226677', 'RETINOL A + DAILY CREAM X 50G', 20400.000000, 1, 1, 1, 1, NULL, 0, 0.000000, 0.000000, 1),
	(130, '7798177220842', 'HIGIENICA LOCION X 300 CC', 13800.000000, 1, 1, 1, 1, NULL, 0, 0.000000, 0.000000, 1),
	(131, '7798177224871', 'SENSE CONTROL LOCION CALMANTE X 125 ML', 13800.000000, 1, 1, 1, 1, NULL, 0, 0.000000, 0.000000, 1),
	(132, '7798177222952', 'SENSE CONTROL TREATMENT CREAM X 50 GRS', 18100.000000, 1, 1, 1, 1, NULL, 0, 0.000000, 0.000000, 1),
	(133, '7798177226097', 'SILVER AGE DAY CREAM X 50 G', 20100.000000, 1, 1, 1, 1, NULL, 0, 0.000000, 0.000000, 1),
	(134, '7798177226103', 'SILVER AGE NIGHT CREAM X 50 G', 18900.000000, 1, 1, 1, 1, NULL, 0, 0.000000, 0.000000, 1),
	(135, '7798177224703', 'SKINBIOMA FACE CREAM X 50 G ', 16000.000000, 1, 1, 1, 1, NULL, 0, 0.000000, 0.000000, 1),
	(136, '7798177224741', 'SKINBIOMA FACE LOTION X 125 ML', 13800.000000, 1, 1, 1, 1, NULL, 0, 0.000000, 0.000000, 1),
	(137, '7798177224758', 'SKINBIOMA FACE MASK DISPENSER X 24 U', 33500.000000, 1, 1, 1, 1, NULL, 0, 0.000000, 0.000000, 1),
	(138, '7798177224796', 'SKINBIOMA FACE MASK UNIDOSIS X 12 G', 3200.000000, 1, 1, 1, 1, NULL, 0, 0.000000, 0.000000, 1),
	(139, '7798177224727', 'SKINBIOMA FACE MASK X 200 G', 16200.000000, 1, 1, 1, 1, NULL, 0, 0.000000, 0.000000, 1),
	(140, '7798177226226', 'SKINBIOMA HAND CREAM X 50 G', 8000.000000, 1, 1, 1, 1, NULL, 0, 0.000000, 0.000000, 1),
	(141, '7798177225540', 'SKINBIOMA MICELLAR WATER X 190 ML', 10800.000000, 1, 1, 1, 1, NULL, 0, 0.000000, 0.000000, 1),
	(142, '7798177226004', 'SKINBIOMA SHOWER GEL X 290 G', 12500.000000, 1, 1, 1, 1, NULL, 0, 0.000000, 0.000000, 1),
	(143, '7798177226165', 'MIMIKA BROW STYLER TAUPE X 0,28 g', 13100.000000, 1, 1, 1, 1, NULL, 0, 0.000000, 0.000000, 1),
	(144, '7798177226141', 'MIMIKA BROW STYLER BROWN X 0,28 G', 13100.000000, 1, 1, 1, 1, NULL, 0, 0.000000, 0.000000, 1),
	(145, '7798177221412', 'MIMIKA CLEANSER', 6500.000000, 1, 1, 1, 1, NULL, 0, 0.000000, 0.000000, 1),
	(146, '7798177226158', 'MIMIKA COLOR BALM ROSE X 1 G', 13200.000000, 1, 1, 1, 1, NULL, 0, 0.000000, 0.000000, 1),
	(147, '7798177225311', 'MIMIKA EYESHADOW NUDE', 13800.000000, 1, 1, 1, 1, NULL, 0, 0.000000, 0.000000, 1),
	(148, '7798177222723', 'MIMIKA FINAL TOUCH REPAIR LIP BALM', 13200.000000, 1, 1, 1, 1, NULL, 0, 0.000000, 0.000000, 1),
	(149, '7798177226752', 'MIMIKA HIGH PRECISION LIQUID EYELINER - BLACK', 13200.000000, 1, 1, 1, 1, NULL, 0, 0.000000, 0.000000, 1),
	(150, '7798177222358', 'MIMIKA HIGH PRECISION LIQUID EYELINER - GRAY', 13200.000000, 1, 1, 1, 1, NULL, 0, 0.000000, 0.000000, 1),
	(151, '7798177225366', 'MIMIKA HYALURONIC BALM 3 G', 14300.000000, 1, 1, 1, 1, NULL, 0, 0.000000, 0.000000, 1),
	(152, '7798177225748', 'MIMIKA PERFECT SKIN ANTIAGE BEIGE X 35 G', 24600.000000, 1, 1, 1, 1, NULL, 0, 0.000000, 0.000000, 1),
	(153, '7798177225731', 'MIMIKA PERFECT SKIN ANTIAGE BRONCE X 35 G', 3616.800049, 1, 1, 1, 1, NULL, 1, 0.000000, 0.000000, 1),
	(154, '7798177225724', 'MIMIKA PERFECT SKIN ANTIAGE NUDE X 35 G', 24600.000000, 1, 1, 1, 1, NULL, 0, 0.000000, 0.000000, 1),
	(155, '7798177225427', 'MIMIKA PERFECT SKIN BALANCE BEIGE X 35 G', 23000.000000, 1, 1, 1, 1, NULL, 0, 0.000000, 0.000000, 1),
	(156, '7798177225434', 'MIMIKA PERFECT SKIN BALANCE BRONCE X 35 G', 23000.000000, 1, 1, 1, 1, NULL, 0, 0.000000, 0.000000, 1),
	(157, '7798177225410', 'MIMIKA PERFECT SKIN BALANCE NUDE X 35 G', 23000.000000, 1, 1, 1, 1, NULL, 0, 0.000000, 0.000000, 1),
	(158, '7798177224574', 'MIMIKA PERFECT SKIN FOUNDATION DROPS BEIGE X 30 ML', 22700.000000, 1, 1, 1, 1, NULL, 0, 0.000000, 0.000000, 1),
	(159, '7798177224581', 'MIMIKA PERFECT SKIN FOUNDATION DROPS BRONCE  X 30 ML', 22700.000000, 1, 1, 1, 1, NULL, 0, 0.000000, 0.000000, 1),
	(160, '7798177225441', 'MIMIKA PERFECT SKIN FOUNDATION DROPS NUDE X 30 ML', 22700.000000, 1, 1, 1, 1, NULL, 0, 0.000000, 0.000000, 1),
	(161, '7798177225458', 'MIMIKA POWDER BLUSH GOLDEN X 3 G', 13100.000000, 1, 1, 1, 1, NULL, 0, 0.000000, 0.000000, 1),
	(162, '7798177225465', 'MIMIKA POWDER BLUSH PEACH X 3 G', 13100.000000, 1, 1, 1, 1, NULL, 0, 0.000000, 0.000000, 1),
	(163, '7798177225472', 'MIMIKA POWDER BLUSH ROSE X 3 G', 13100.000000, 1, 1, 1, 1, NULL, 0, 0.000000, 0.000000, 1),
	(164, '7798177225571', 'MIMIKA RADIANT PRIMER X 25 G', 15400.000000, 1, 1, 1, 1, NULL, 0, 0.000000, 0.000000, 1),
	(165, '7798177225762', 'MIMIKA SERUM CONCEALER FULL COVERAGE LIGHT- 01', 15300.000000, 1, 1, 1, 1, NULL, 0, 0.000000, 0.000000, 1),
	(166, '7798177225786', 'MIMIKA SERUM CONCEALER FULL COVERAGE MEDIUM- 02', 15300.000000, 1, 1, 1, 1, NULL, 0, 0.000000, 0.000000, 1),
	(167, '7798177225779', 'MIMIKA SERUM CONCEALER FULL COVERAGE NEUTRAL- 03', 15300.000000, 1, 1, 1, 1, NULL, 0, 0.000000, 0.000000, 1),
	(168, '7798177221399', 'MIMIKA TEXTURE', 19100.000000, 1, 1, 1, 1, NULL, 0, 0.000000, 0.000000, 1),
	(169, '7798177225380', 'MIMIKA TREATMENT CONCEALER BEIGE X 2,5 G', 10200.000000, 1, 1, 1, 1, NULL, 0, 0.000000, 0.000000, 1),
	(170, '7798177225397', 'MIMIKA TREATMENT CONCEALER GREEN X 2,5 G', 10200.000000, 1, 1, 1, 1, NULL, 0, 0.000000, 0.000000, 1),
	(171, '7798177225403', 'MIMIKA TREATMENT CONCEALER YELLOW X 2,5 G', 10200.000000, 1, 1, 1, 1, NULL, 0, 0.000000, 0.000000, 1),
	(172, '7798177224857', 'MIMIKA WATERPROOF EYELINER - 01', 13100.000000, 1, 1, 1, 1, NULL, 0, 0.000000, 0.000000, 1),
	(173, '7798177225625', 'MIMIKA WATERPROOF EYELINER - 02', 13100.000000, 1, 1, 1, 1, NULL, 0, 0.000000, 0.000000, 1),
	(174, '7798177226363', 'MASCARA EQUILIBRANTE X 150 G', 12800.000000, 1, 1, 1, 1, NULL, 0, 0.000000, 0.000000, 1),
	(175, '7798177226738', 'HYALURONIC 4D FACE MASK X 150G', 18100.000000, 1, 1, 1, 1, NULL, 0, 0.000000, 0.000000, 1),
	(176, '7798177226639', 'SKIN COLOR BB Cream Nude 30 g', 15800.000000, 1, 1, 1, 1, NULL, 0, 0.000000, 0.000000, 1),
	(177, '7798177226646', 'SKIN COLOR BB Cream Beige 30 g', 15800.000000, 1, 1, 1, 1, NULL, 0, 0.000000, 0.000000, 1),
	(178, '7798177226653', 'SKIN COLOR BB Cream Bronce 30 g', 15800.000000, 1, 1, 1, 1, NULL, 0, 0.000000, 0.000000, 1),
	(179, '7798177226714', 'VITAMINADA CON RETINOL X 490 GRS', 21300.000000, 1, 1, 1, 1, NULL, 0, 0.000000, 0.000000, 1),
	(180, '7798177226776', 'MIMIKA LIPGLOSS COLOR CHAMPAGNE', 9600.000000, 1, 1, 1, 1, NULL, 0, 0.000000, 0.000000, 1),
	(181, '7798177226783', 'MIMIKA LIPGLOSS COLOR CLEAR', 9600.000000, 1, 1, 1, 1, NULL, 0, 0.000000, 0.000000, 1),
	(182, '7798177226790', 'MIMIKA LIPGLOSS COLOR NUDE', 9600.000000, 1, 1, 1, 1, NULL, 0, 0.000000, 0.000000, 1),
	(183, '7798177226806', 'MIMIKA LIPGLOSS COLOR ROSE', 9600.000000, 1, 1, 1, 1, NULL, 0, 0.000000, 0.000000, 1),
	(184, '7798177226813', 'MIMIKA LIPSTICK COLOR BLACK BERRY', 11900.000000, 1, 1, 1, 1, NULL, 0, 0.000000, 0.000000, 1),
	(185, '7798177226820', 'MIMIKA LIPSTICK COLOR DEEP NUDE', 11900.000000, 1, 1, 1, 1, NULL, 0, 0.000000, 0.000000, 1),
	(186, '7798177226837', 'MIMIKA LIPSTICK COLOR RUBY RED', 11900.000000, 1, 1, 1, 1, NULL, 0, 0.000000, 0.000000, 1),
	(187, '7798177226844', 'MIMIKA LIPSTICK COLOR SOFT NUDE', 11900.000000, 1, 1, 1, 1, NULL, 0, 0.000000, 0.000000, 1),
	(188, '7798177226981', 'MIMIKA TREATMENT MASCARA (BLACK) X 5G', 12400.000000, 1, 1, 1, 1, NULL, 0, 0.000000, 0.000000, 1),
	(189, '7798177226936', 'TENSE COMPLEX FACE CREAM x 50g', 23300.000000, 1, 1, 1, 1, NULL, 0, 0.000000, 0.000000, 1),
	(190, '7798177226943', 'TENSE COMPLEX FIRMING SERUM X 30ML', 20900.000000, 1, 1, 1, 1, NULL, 0, 0.000000, 0.000000, 1),
	(191, '7798177226905', 'MATT BALANCE CREAM 50g', 16900.000000, 1, 1, 1, 1, NULL, 0, 0.000000, 0.000000, 1),
	(192, '7798177226882', 'MATT BALANCE CLEANSING GEL 180 ml', 14700.000000, 1, 1, 1, 1, NULL, 0, 0.000000, 0.000000, 1),
	(193, '7798177226899', 'MATT BALANCE LOTION 125ml', 14900.000000, 1, 1, 1, 1, NULL, 0, 0.000000, 0.000000, 1),
	(194, '7798177226912', 'VITA B12+ CREAM X 50 G ', 24000.000000, 1, 1, 1, 1, NULL, 0, 0.000000, 0.000000, 1),
	(195, '7798177226929', 'VITA B12+ EMULSION X 30 G ', 21600.000000, 1, 1, 1, 1, NULL, 0, 0.000000, 0.000000, 1),
	(196, '7798177227025', 'VITA B12+ EYE CONTOUR X 15 G', 21300.000000, 1, 1, 1, 1, NULL, 0, 0.000000, 0.000000, 1),
	(197, '7798177227162', 'AHA´S PEELING SCRUB X 150 G', 21300.000000, 1, 1, 1, 1, NULL, 0, 0.000000, 0.000000, 1),
	(198, '7798177226974', 'FÓRMULA ULTRA REDUCTORA X 180 G', 15300.000000, 1, 1, 1, 1, NULL, 0, 0.000000, 0.000000, 1),
	(199, '7798177227360', 'FORMULA CORPORAL FIRMEZA X 100 ML', 15800.000000, 1, 1, 1, 1, NULL, 0, 0.000000, 0.000000, 1),
	(200, '7798177227353', 'FORMULA CORPORAL REDUCTORA X 100 ML', 15800.000000, 1, 1, 1, 1, NULL, 0, 0.000000, 0.000000, 1),
	(201, '7798177227346', 'FORMULA CORPORAL DRENANTE X 100 ML', 15800.000000, 1, 1, 1, 1, NULL, 0, 0.000000, 0.000000, 1),
	(202, '7798177227339', 'FORMULA CORPORAL ESTRIAS X 100 ML', 15800.000000, 1, 1, 1, 1, NULL, 0, 0.000000, 0.000000, 1),
	(203, '7798177226950', 'FORMULA SCRUB CORPORAL x 500G', 20600.000000, 1, 1, 1, 1, NULL, 0, 0.000000, 0.000000, 1),
	(204, '7798177226967', 'FÓRMULA ULTRA REDUCTORA X 500 G', 32200.000000, 1, 1, 1, 1, NULL, 0, 0.000000, 0.000000, 1),
	(205, '7798177227070', 'NIACINAMIDE+ CREAM X 50 G ', 23600.000000, 1, 1, 1, 1, NULL, 0, 0.000000, 0.000000, 1),
	(206, '7798177227063', 'NIACINAMIDE+ MICELLAR WATER X 190 ML', 15700.000000, 1, 1, 1, 1, NULL, 0, 0.000000, 0.000000, 1),
	(207, '7798177227087', 'NIACINAMIDE+ SERUM X 30 G', 21800.000000, 1, 1, 1, 1, NULL, 0, 0.000000, 0.000000, 1),
	(208, 'ACCE-0174', 'BOMBACHAS DESCARTABLES 5 PACKS X 2 U', 0.000000, 1, 1, 1, 1, NULL, 0, 0.000000, 0.000000, 1),
	(209, 'ACCE-0012', 'BOMBACHAS DESCARTABLES X 2 U', 0.000000, 1, 1, 1, 1, NULL, 0, 0.000000, 0.000000, 1),
	(210, 'ACCE-0009', 'BOWL DE SILICONA GRANDE', 0.000000, 1, 1, 1, 1, NULL, 0, 0.000000, 0.000000, 1),
	(211, 'ACCE-0107', 'BOWL DE SILICONA MEDIANO', 0.000000, 1, 1, 1, 1, NULL, 0, 0.000000, 0.000000, 1),
	(212, 'ACCE-0169', 'NUEVA CHAQUETA PROF. "L"', 0.000000, 1, 1, 1, 1, NULL, 0, 0.000000, 0.000000, 1),
	(213, 'ACCE-0168', 'NUEVA CHAQUETA PROF. "M"', 0.000000, 1, 1, 1, 1, NULL, 0, 0.000000, 0.000000, 1),
	(214, 'ACCE-0167', 'NUEVA CHAQUETA PROF. "S"', 0.000000, 1, 1, 1, 1, NULL, 0, 0.000000, 0.000000, 1),
	(215, 'ACCE-0170', 'NUEVA CHAQUETA PROF. "XL"', 0.000000, 1, 1, 1, 1, NULL, 0, 0.000000, 0.000000, 1),
	(216, 'ACCE-0173', 'NUEVA CHAQUETA PROF. "XXL"', 0.000000, 1, 1, 1, 1, NULL, 0, 0.000000, 0.000000, 1),
	(217, 'ACCE-0133', 'PINCEL PEELING FIBRA OPTICA', 0.000000, 1, 1, 1, 1, NULL, 0, 0.000000, 0.000000, 1),
	(218, 'ACCE-0035', 'VINCHAS DESCART. X 3 UNID.', 0.000000, 1, 1, 1, 1, NULL, 0, 0.000000, 0.000000, 1),
	(219, 'ACCE-0166', 'PINCEL CONCEALER MIMIKA', 0.000000, 1, 1, 1, 1, NULL, 0, 0.000000, 0.000000, 1),
	(220, 'ACCE-0165', 'PINCEL FOUNDATION MIMIKA', 0.000000, 1, 1, 1, 1, NULL, 0, 0.000000, 0.000000, 1),
	(221, 'ACCE-0171', 'PINCEL OJOS PONY MIMIKA', 0.000000, 1, 1, 1, 1, NULL, 0, 0.000000, 0.000000, 1),
	(222, 'ACCE-0172', 'PINCEL LUSTRE MIMIKA ', 0.000000, 1, 1, 1, 1, NULL, 0, 0.000000, 0.000000, 1),
	(223, 'ACCE-0179', 'PINCEL MIMIKA MAKE UP', 0.000000, 1, 1, 1, 1, NULL, 0, 0.000000, 0.000000, 1),
	(224, 'ACCE-0180', 'PINCEL MIMIKA POWDER', 0.000000, 1, 1, 1, 1, NULL, 0, 0.000000, 0.000000, 1),
	(225, 'ACCE-0193', 'PINCEL MIMIKA CONCEALER WHITE', 0.000000, 1, 1, 1, 1, NULL, 0, 0.000000, 0.000000, 1),
	(226, 'KITS-0115', 'ACNEX DEPURE TREATMENT - POUCHE X 10', 0.000000, 1, 1, 3, 1, NULL, 0, 0.000000, 0.000000, 1),
	(227, 'KITS-0214', 'AQUA SHOT CREMA FACIAL HIDRATANTE - POUCHE X 10', 0.000000, 1, 1, 1, 1, NULL, 0, 0.000000, 0.000000, 1),
	(228, 'KITS-0113', 'CELLACTIVE HIDRO CREAM - POUCHE X 10', 0.000000, 1, 1, 1, 1, NULL, 0, 0.000000, 0.000000, 1),
	(229, 'KITS-0290', 'DETOXIFY DAILY EMULSION - POUCHE X 10', 0.000000, 1, 1, 1, 1, NULL, 0, 0.000000, 0.000000, 1),
	(230, 'KITS-0111', 'HYDRAPORE CREMA GEL - POUCHE X 10', 0.000000, 1, 1, 1, 1, NULL, 0, 0.000000, 0.000000, 1),
	(231, 'KITS-0116', 'PLASMA FACE ENERGY - POUCHE X 10', 0.000000, 1, 1, 1, 1, NULL, 0, 0.000000, 0.000000, 1),
	(232, 'KITS-0186', 'PLASMA INFUSION FACE RECOVERY - POUCHE X 10', 0.000000, 1, 1, 1, 1, NULL, 0, 0.000000, 0.000000, 1),
	(233, 'KITS-0292', 'PROTECTOR SOLAR UVA PLUS SPF 40 - POUCHE X 10', 0.000000, 1, 1, 1, 1, NULL, 0, 0.000000, 0.000000, 1),
	(234, 'KITS-0458', 'RADIAN C LIGHTENING FACE CREAM - POUCHE X 10', 0.000000, 1, 1, 1, 1, NULL, 0, 0.000000, 0.000000, 1),
	(235, 'KITS-0475', 'BIOSMOTIC WATER CREAM - POUCHE X 10', 0.000000, 1, 1, 1, 1, NULL, 0, 0.000000, 0.000000, 1),
	(236, 'KITS-0480', 'HYALURONIC 4D FACE CREAM - POUCHE X 10', 0.000000, 1, 1, 1, 1, NULL, 0, 0.000000, 0.000000, 1),
	(237, 'KITS-0481', 'DHERMA SCIENCE ADVANCED FORMULA - POUCHE X 10', 12350.200195, 1, 1, 4, 1, NULL, 0, 0.000000, 0.000000, 1),
	(238, 'KITS-0482', 'RETINOL A+ CREAM - POUCHE X 10', 0.000000, 1, 1, 1, 1, NULL, 0, 0.000000, 0.000000, 1),
	(239, 'KITS-0483', 'HYALURONIC 4D SERUM - POUCHE X 10', 0.000000, 1, 1, 1, 1, NULL, 0, 0.000000, 0.000000, 1),
	(240, 'KITS-0484', 'DHERMA SCIENCE NIGHT RESET CREAM - POUCHE X 10', 0.000000, 1, 1, 4, 1, NULL, 0, 0.000000, 0.000000, 1),
	(241, 'KITS-0485', 'RETINOL A+ EMULSION - POUCHE X 10', 0.000000, 1, 1, 1, 1, NULL, 0, 0.000000, 0.000000, 1),
	(242, 'KITS-0496', 'SILVER AGE NIGHT CREAM - POUCH X 10', 0.000000, 1, 1, 1, 1, NULL, 0, 0.000000, 0.000000, 1),
	(243, 'KITS-0497', 'SILVER AGE DAY CREAM - POUCH X 10', 0.000000, 1, 1, 1, 1, NULL, 0, 0.000000, 0.000000, 1),
	(244, 'KITS-0477', 'DETOXIFY DEEP CLEANSER - POUCHE X 10', 0.000000, 1, 1, 1, 1, NULL, 0, 0.000000, 0.000000, 1),
	(245, 'KITS-0493', 'HYALURONIC 4D RICH CREAM - POUCH X 10', 0.000000, 1, 1, 1, 1, NULL, 0, 0.000000, 0.000000, 1),
	(246, 'KITS-0498', 'SENSE CONTROL TREATMENT CREAM - POUCH X 10', 0.000000, 1, 1, 1, 1, NULL, 0, 0.000000, 0.000000, 1),
	(247, 'KITS-0476', 'CELLACTIVE CLEANSING GEL - POUCHE X 10', 0.000000, 1, 1, 1, 1, NULL, 0, 0.000000, 0.000000, 1),
	(248, 'KITS-0478', 'AQUA SHOT GEL EXFOLIANTE - POUCHE X 10', 0.000000, 1, 1, 1, 1, 'D_NQ_NP_643900-MLA51622125502_092022-O.jpg', 0, 0.000000, 0.000000, 1),
	(249, 'KITS-0492', 'RADIAN C BRIGHTENING SERUM - POUCH X 10', 0.000000, 1, 1, 1, 1, NULL, 0, 0.000000, 0.000000, 1),
	(250, 'KITS-0494', 'PLASMA INFUSION SERUM - POUCH X 10', 0.000000, 1, 1, 1, 1, NULL, 0, 0.000000, 0.000000, 1),
	(251, 'KITS-0501', 'VITA SHIELD AGELESS COMPLEX - POUCH X 10', 0.000000, 1, 1, 1, 1, NULL, 0, 0.000000, 0.000000, 1),
	(252, 'KITS-0502', 'VITA SHIELD HYDRA COMPLEX - POUCH X 10', 0.000000, 1, 1, 1, 1, NULL, 0, 0.000000, 0.000000, 1),
	(253, 'KITS-0495', 'BIOSMOTIC WATER DROPS - POUCH X 10', 0.000000, 1, 1, 1, 1, NULL, 0, 0.000000, 0.000000, 1),
	(254, 'KITS-0503', 'TENSE COMPLEX FACE CREAM - POUCH X 10', 0.000000, 1, 1, 1, 1, NULL, 0, 0.000000, 0.000000, 1),
	(255, 'KITS-0504', 'TENSE COMPLEX FIRMING SERUM - POUCH X 10', 0.000000, 1, 1, 1, 1, NULL, 0, 0.000000, 0.000000, 1),
	(256, 'KITS-0507', 'MATT BALANCE CLEANSING GEL - POUCH X 10', 0.000000, 1, 1, 1, 1, NULL, 0, 0.000000, 0.000000, 1),
	(257, 'KITS-0506', 'MATT BALANCE CREAM - POUCHE X 10', 0.000000, 1, 1, 1, 1, NULL, 0, 0.000000, 0.000000, 1),
	(258, 'KITS-0508', 'VITA B12+ EMULSION X 2.5 G - POUCH X 10', 0.000000, 1, 1, 1, 1, NULL, 0, 0.000000, 0.000000, 1),
	(259, 'KITS-0509', 'VITA B12+ CREAM X 2.5 G - POUCH X 10', 0.000000, 1, 1, 1, 1, NULL, 0, 0.000000, 0.000000, 1),
	(260, 'KITS-0505', 'RETINOL A+ DAILY CREAM - POUCH X 10', 0.000000, 1, 1, 1, 1, NULL, 0, 0.000000, 0.000000, 1),
	(261, 'espalda', 'Depilación espalda', 1000.000000, 1, 1, 1, 2, '', 0, 0.000000, 0.000000, 1),
	(262, 'algodon', 'Algodon por 500grs', 1000.000000, 1, 1, 1, 1, '', 0, 0.000000, 0.000000, 1),
	(263, 'cera_depil', 'cera de depilación 100g', 5000.000000, 1, 1, 1, 1, '', 0, 0.000000, 0.000000, 1),
	(264, 'axila', 'Depilacion axila', 1000.000000, 1, 1, 1, 2, '', 0, 0.000000, 0.000000, 1),
	(265, 'Honorario1', 'Hora de honorario cat. 1', 3072.340088, 1, 1, 1, 1, '', 1, 0.000000, 0.000000, 1),
	(266, 'Honorario2', 'Hora honorario cat. 2', 3500.000000, 1, 1, 1, 1, '', 0, 0.000000, 0.000000, 1),
	(267, 'Anti Age', 'Proceso anti age 1', 3144.679932, 1, 1, 1, 2, '', 1, 0.000000, 0.000000, 1),
	(268, 'hombros', 'Depilación de hombros', 1200.000000, 1, 1, 1, 1, '', 0, 0.000000, 0.000000, 1);

-- Volcando estructura para tabla crm.art_compuesto
CREATE TABLE IF NOT EXISTS `art_compuesto` (
  `idarticulo` int NOT NULL,
  `idart_comp` int NOT NULL,
  `cantidad` decimal(20,6) NOT NULL DEFAULT '0.000000',
  PRIMARY KEY (`idarticulo`,`idart_comp`)
) ENGINE=InnoDB DEFAULT CHARSET=utf8mb4 COLLATE=utf8mb4_general_ci;

-- Volcando datos para la tabla crm.art_compuesto: ~5 rows (aproximadamente)
REPLACE INTO `art_compuesto` (`idarticulo`, `idart_comp`, `cantidad`) VALUES
	(261, 262, 1.000000),
	(264, 262, 2.000000),
	(264, 263, 1.000000),
	(267, 153, 0.020000),
	(267, 265, 1.000000);

-- Volcando estructura para tabla crm.balance
CREATE TABLE IF NOT EXISTS `balance` (
  `id` int NOT NULL AUTO_INCREMENT,
  `fecha` date NOT NULL,
  `idtipo_balance` int DEFAULT NULL,
  `idsucursal` int DEFAULT NULL,
  `idusuario` int DEFAULT NULL,
  PRIMARY KEY (`id`),
  KEY `idtipo_balance` (`idtipo_balance`),
  KEY `idsucursal` (`idsucursal`),
  KEY `idusuario` (`idusuario`),
  CONSTRAINT `balance_ibfk_1` FOREIGN KEY (`idtipo_balance`) REFERENCES `tipo_balances` (`id`),
  CONSTRAINT `balance_ibfk_2` FOREIGN KEY (`idsucursal`) REFERENCES `sucursales` (`id`),
  CONSTRAINT `balance_ibfk_3` FOREIGN KEY (`idusuario`) REFERENCES `usuarios` (`id`)
) ENGINE=InnoDB AUTO_INCREMENT=3 DEFAULT CHARSET=utf8mb4 COLLATE=utf8mb4_general_ci;

-- Volcando datos para la tabla crm.balance: ~2 rows (aproximadamente)
REPLACE INTO `balance` (`id`, `fecha`, `idtipo_balance`, `idsucursal`, `idusuario`) VALUES
	(1, '2025-01-13', 1, 1, 3),
	(2, '2025-01-13', 1, 1, 3);

-- Volcando estructura para tabla crm.cambio_precios
CREATE TABLE IF NOT EXISTS `cambio_precios` (
  `id` int NOT NULL AUTO_INCREMENT,
  `fecha` date NOT NULL,
  `idsucursal` int DEFAULT NULL,
  `idusuario` int DEFAULT NULL,
  `idlista` int DEFAULT NULL,
  PRIMARY KEY (`id`),
  KEY `idsucursal` (`idsucursal`),
  KEY `idusuario` (`idusuario`),
  KEY `idlista` (`idlista`),
  CONSTRAINT `cambio_precios_ibfk_1` FOREIGN KEY (`idsucursal`) REFERENCES `sucursales` (`id`),
  CONSTRAINT `cambio_precios_ibfk_2` FOREIGN KEY (`idusuario`) REFERENCES `usuarios` (`id`),
  CONSTRAINT `cambio_precios_ibfk_3` FOREIGN KEY (`idlista`) REFERENCES `listas_precio` (`id`)
) ENGINE=InnoDB AUTO_INCREMENT=6 DEFAULT CHARSET=utf8mb4 COLLATE=utf8mb4_general_ci;

-- Volcando datos para la tabla crm.cambio_precios: ~2 rows (aproximadamente)
REPLACE INTO `cambio_precios` (`id`, `fecha`, `idsucursal`, `idusuario`, `idlista`) VALUES
	(4, '2025-01-09', 1, 3, 1),
	(5, '0000-00-00', 1, 3, 1);

-- Volcando estructura para tabla crm.clientes
CREATE TABLE IF NOT EXISTS `clientes` (
  `id` int NOT NULL AUTO_INCREMENT,
  `nombre` varchar(80) COLLATE utf8mb4_general_ci NOT NULL,
  `documento` varchar(13) COLLATE utf8mb4_general_ci NOT NULL,
  `email` varchar(100) COLLATE utf8mb4_general_ci DEFAULT NULL,
  `telefono` varchar(20) COLLATE utf8mb4_general_ci DEFAULT NULL,
  `direccion` varchar(100) COLLATE utf8mb4_general_ci DEFAULT NULL,
  `ctacte` tinyint NOT NULL DEFAULT '0',
  `id_tipo_doc` int NOT NULL DEFAULT '1',
  `id_tipo_iva` int NOT NULL DEFAULT '1',
  `baja` date NOT NULL DEFAULT '1900-01-01',
  PRIMARY KEY (`id`)
) ENGINE=InnoDB AUTO_INCREMENT=27 DEFAULT CHARSET=utf8mb4 COLLATE=utf8mb4_general_ci;

-- Volcando datos para la tabla crm.clientes: ~17 rows (aproximadamente)
REPLACE INTO `clientes` (`id`, `nombre`, `documento`, `email`, `telefono`, `direccion`, `ctacte`, `id_tipo_doc`, `id_tipo_iva`, `baja`) VALUES
	(1, 'Alejandra', '22117091', 'alejandra@gmail.com', '1234', 'Santa lucia', 1, 1, 1, '1900-01-01'),
	(2, 'Adrian Zussino', '21876740', 'adrzuss@gmail.com', '1234666', 'Saavedra', 0, 1, 1, '2024-12-06'),
	(8, 'Franco', '', 'franco@gmail.com', '1234', NULL, 0, 1, 1, '1900-01-01'),
	(9, 'Giuliana', '', 'giuliana@gmail.com', '123456', NULL, 0, 1, 1, '1900-01-01'),
	(10, 'Ginito', '44454649', '', '4455667788', 'None', 0, 1, 3, '1900-01-01'),
	(11, 'Elsa', '', 'elsa@gmail.com', '23456', NULL, 0, 1, 1, '1900-01-01'),
	(12, 'Gino', '', 'ginoz@gmail.com', '948832738', NULL, 0, 1, 1, '1900-01-01'),
	(14, 'Vila', '', 'vila@gmail.com', '1234', NULL, 0, 1, 1, '1900-01-01'),
	(18, 'Daniel', '', '', '', '', 0, 1, 1, '2024-12-06'),
	(19, 'Romina Perez', '34578396', 'perezr@gmail.com', '264875632', 'tucuman 261', 0, 1, 1, '1900-01-01'),
	(20, 'Lopez Claudia', '41123456', '', '264098765', 'mitre 21', 0, 1, 3, '1900-01-01'),
	(21, 'Rojas Ana Clara', '42666777', '', '2642344567', 'laprida', 1, 1, 3, '1900-01-01'),
	(22, 'Marcela', '34567324', 'marcela@gmail.com', '', 'adan quiroga 234', 0, 1, 3, '1900-01-01'),
	(23, 'Mara', '42745351', '', '', 'san luis 321', 1, 1, 3, '1900-01-01'),
	(24, 'Macarena', '38754139', 'macarena@gmail.com', '2645632865', 'jj paso 234', 0, 1, 3, '1900-01-01'),
	(25, 'Silvana', '32456945', '', '264432236', 'tucuman', 0, 1, 3, '1900-01-01'),
	(26, 'Jazmin', '34567732', '', '264587125', 'su casa', 0, 1, 3, '1900-01-01');

-- Volcando estructura para tabla crm.configuracion
CREATE TABLE IF NOT EXISTS `configuracion` (
  `id` int NOT NULL AUTO_INCREMENT,
  `nombre_propietario` varchar(100) COLLATE utf8mb4_general_ci NOT NULL,
  `nombre_fantasia` varchar(100) COLLATE utf8mb4_general_ci NOT NULL,
  `tipo_iva` int NOT NULL,
  `tipo_documento` int NOT NULL,
  `documento` varchar(13) COLLATE utf8mb4_general_ci NOT NULL,
  `telefono` varchar(30) COLLATE utf8mb4_general_ci NOT NULL,
  `mail` varchar(100) COLLATE utf8mb4_general_ci NOT NULL,
  `clave` varchar(100) COLLATE utf8mb4_general_ci NOT NULL,
  `vencimiento` date NOT NULL,
  `licencia` varchar(200) COLLATE utf8mb4_general_ci NOT NULL,
  PRIMARY KEY (`id`)
) ENGINE=InnoDB AUTO_INCREMENT=2 DEFAULT CHARSET=utf8mb4 COLLATE=utf8mb4_general_ci;

-- Volcando datos para la tabla crm.configuracion: ~1 rows (aproximadamente)
REPLACE INTO `configuracion` (`id`, `nombre_propietario`, `nombre_fantasia`, `tipo_iva`, `tipo_documento`, `documento`, `telefono`, `mail`, `clave`, `vencimiento`, `licencia`) VALUES
	(1, 'Carolina Mañe', 'Fly Estética', 2, 1, '20218767401', '2645836223', 'adrzuss@gmail.com', 'lvzp dana lypt gxqd', '2025-09-13', '1234');

-- Volcando estructura para tabla crm.cta_cte_cli
CREATE TABLE IF NOT EXISTS `cta_cte_cli` (
  `id` int NOT NULL AUTO_INCREMENT,
  `idCliente` int NOT NULL,
  `fecha` date NOT NULL,
  `debe` decimal(20,6) NOT NULL,
  `haber` decimal(20,6) NOT NULL,
  PRIMARY KEY (`id`),
  KEY `idCliente` (`idCliente`),
  CONSTRAINT `cta_cte_cli_ibfk_1` FOREIGN KEY (`idCliente`) REFERENCES `clientes` (`id`)
) ENGINE=InnoDB AUTO_INCREMENT=35 DEFAULT CHARSET=utf8mb4 COLLATE=utf8mb4_general_ci;

-- Volcando datos para la tabla crm.cta_cte_cli: ~20 rows (aproximadamente)
REPLACE INTO `cta_cte_cli` (`id`, `idCliente`, `fecha`, `debe`, `haber`) VALUES
	(14, 12, '2024-06-06', 70000.000000, 0.000000),
	(15, 2, '2024-09-02', 59368.000000, 0.000000),
	(17, 2, '2024-09-03', 0.000000, 10000.000000),
	(18, 2, '2024-09-03', 0.000000, 10000.000000),
	(19, 2, '2024-09-03', 0.000000, 10000.000000),
	(20, 2, '2024-09-03', 30000.000000, 0.000000),
	(21, 2, '2024-09-03', 0.000000, 5000.000000),
	(22, 2, '2024-09-05', 0.000000, 4000.000000),
	(23, 2, '2024-09-05', 79559.000000, 0.000000),
	(24, 14, '2024-09-05', 3634.000000, 0.000000),
	(25, 12, '2024-09-09', 88497.000000, 0.000000),
	(26, 12, '2024-09-16', 70000.000000, 0.000000),
	(27, 10, '2024-09-17', 648.000000, 0.000000),
	(28, 21, '2024-09-25', 34500.000000, 0.000000),
	(29, 1, '2024-10-01', 6576.000000, 0.000000),
	(30, 21, '2024-10-02', 40755.000000, 0.000000),
	(31, 23, '2024-10-02', 25500.000000, 0.000000),
	(32, 23, '2024-10-02', 0.000000, 15000.000000),
	(33, 1, '2024-10-30', 47742.000000, 0.000000),
	(34, 23, '2024-12-16', 46200.000000, 0.000000);

-- Volcando estructura para tabla crm.cta_cte_prov
CREATE TABLE IF NOT EXISTS `cta_cte_prov` (
  `id` int NOT NULL AUTO_INCREMENT,
  `idproveedor` int NOT NULL,
  `fecha` date NOT NULL,
  `debe` decimal(20,6) NOT NULL,
  `haber` decimal(20,6) NOT NULL,
  PRIMARY KEY (`id`),
  KEY `idProveedor` (`idproveedor`) USING BTREE,
  CONSTRAINT `cta_cte_prov_ibfk_1` FOREIGN KEY (`idproveedor`) REFERENCES `proveedores` (`id`)
) ENGINE=InnoDB AUTO_INCREMENT=18 DEFAULT CHARSET=utf8mb4 COLLATE=utf8mb4_general_ci;

-- Volcando datos para la tabla crm.cta_cte_prov: ~17 rows (aproximadamente)
REPLACE INTO `cta_cte_prov` (`id`, `idproveedor`, `fecha`, `debe`, `haber`) VALUES
	(1, 1, '2024-08-27', 476150.000000, 0.000000),
	(2, 1, '2024-08-31', 245000.000000, 0.000000),
	(3, 1, '2024-09-02', 209855.000000, 0.000000),
	(4, 1, '2024-09-05', 0.000000, 500000.000000),
	(5, 1, '2024-09-05', 0.000000, 50000.000000),
	(6, 1, '2024-09-05', 0.000000, 5000.000000),
	(7, 2, '2024-09-05', 410000.000000, 0.000000),
	(8, 3, '2024-09-05', 20000.000000, 0.000000),
	(9, 3, '2024-09-05', 160000.000000, 0.000000),
	(10, 2, '2024-09-05', 34000.000000, 0.000000),
	(11, 2, '2024-09-05', 0.000000, 400000.000000),
	(12, 3, '2024-09-05', 0.000000, 80000.000000),
	(13, 1, '2024-12-03', 83500.000000, 0.000000),
	(14, 4, '2025-01-14', 0.000000, 300000.000000),
	(15, 3, '2025-01-14', 0.000000, 250000.000000),
	(16, 1, '2025-02-27', 0.000000, 95000.000000),
	(17, 1, '2025-03-03', 0.000000, 72500.000000);

-- Volcando estructura para tabla crm.entidades
CREATE TABLE IF NOT EXISTS `entidades` (
  `id` int NOT NULL AUTO_INCREMENT,
  `entidad` varchar(200) COLLATE utf8mb4_general_ci NOT NULL,
  `telefono` varchar(200) COLLATE utf8mb4_general_ci NOT NULL,
  `baja` date NOT NULL,
  PRIMARY KEY (`id`)
) ENGINE=InnoDB AUTO_INCREMENT=3 DEFAULT CHARSET=utf8mb4 COLLATE=utf8mb4_general_ci;

-- Volcando datos para la tabla crm.entidades: ~2 rows (aproximadamente)
REPLACE INTO `entidades` (`id`, `entidad`, `telefono`, `baja`) VALUES
	(1, 'Visa', '1234', '0000-00-00'),
	(2, 'Master', '231221323', '0000-00-00');

-- Volcando estructura para tabla crm.facturac
CREATE TABLE IF NOT EXISTS `facturac` (
  `id` int NOT NULL AUTO_INCREMENT,
  `idproveedor` int NOT NULL,
  `fecha` date NOT NULL,
  `total` decimal(20,6) NOT NULL DEFAULT '0.000000',
  `iva` decimal(20,6) NOT NULL DEFAULT '0.000000',
  `exento` decimal(20,6) NOT NULL DEFAULT '0.000000',
  `impint` decimal(20,6) NOT NULL DEFAULT '0.000000',
  `idsucursal` int NOT NULL DEFAULT '0',
  `idtipocomprobante` int NOT NULL,
  `idusuario` int NOT NULL,
  PRIMARY KEY (`id`),
  KEY `idproveedor` (`idproveedor`),
  KEY `FK_tipocomp` (`idtipocomprobante`),
  CONSTRAINT `facturac_ibfk_1` FOREIGN KEY (`idproveedor`) REFERENCES `proveedores` (`id`),
  CONSTRAINT `FK_tipocomp` FOREIGN KEY (`idtipocomprobante`) REFERENCES `tipo_comprobantes` (`id`)
) ENGINE=InnoDB AUTO_INCREMENT=34 DEFAULT CHARSET=utf8mb4 COLLATE=utf8mb4_general_ci;

-- Volcando datos para la tabla crm.facturac: ~10 rows (aproximadamente)
REPLACE INTO `facturac` (`id`, `idproveedor`, `fecha`, `total`, `iva`, `exento`, `impint`, `idsucursal`, `idtipocomprobante`, `idusuario`) VALUES
	(13, 2, '2024-12-02', 100.000000, 0.000000, 0.000000, 0.000000, 1, 1, 0),
	(14, 2, '2024-12-03', 0.000000, 0.000000, 0.000000, 0.000000, 1, 1, 0),
	(15, 2, '2024-12-03', 125000.000000, 0.000000, 0.000000, 0.000000, 1, 1, 0),
	(16, 1, '2024-12-03', 83500.000000, 0.000000, 0.000000, 0.000000, 1, 1, 0),
	(17, 1, '2025-01-13', 90000.000000, 0.000000, 0.000000, 0.000000, 1, 1, 0),
	(18, 1, '2025-01-14', 379000.000000, 0.000000, 0.000000, 0.000000, 1, 1, 0),
	(19, 4, '2025-01-14', 512000.000000, 0.000000, 0.000000, 0.000000, 1, 19, 0),
	(25, 3, '2025-01-14', 250000.000000, 0.000000, 0.000000, 0.000000, 1, 1, 0),
	(32, 1, '2025-02-27', 95000.000000, 0.000000, 0.000000, 0.000000, 1, 1, 2),
	(33, 1, '2025-03-03', 72500.000000, 0.000000, 0.000000, 0.000000, 1, 1, 3);

-- Volcando estructura para tabla crm.facturav
CREATE TABLE IF NOT EXISTS `facturav` (
  `id` int NOT NULL AUTO_INCREMENT,
  `idcliente` int NOT NULL,
  `fecha` date NOT NULL,
  `total` decimal(20,6) NOT NULL DEFAULT '0.000000',
  `iva` decimal(20,6) NOT NULL DEFAULT '0.000000',
  `exento` decimal(20,6) NOT NULL DEFAULT '0.000000',
  `impint` decimal(20,6) NOT NULL DEFAULT '0.000000',
  `idlista` int NOT NULL,
  `idtipocomprobante` int NOT NULL,
  `idsucursal` int NOT NULL,
  `idusuario` int NOT NULL,
  PRIMARY KEY (`id`),
  KEY `idcliente` (`idcliente`),
  KEY `FK_usuario` (`idusuario`),
  CONSTRAINT `facturav_ibfk_1` FOREIGN KEY (`idcliente`) REFERENCES `clientes` (`id`),
  CONSTRAINT `FK_usuario` FOREIGN KEY (`idusuario`) REFERENCES `usuarios` (`id`)
) ENGINE=InnoDB AUTO_INCREMENT=165 DEFAULT CHARSET=utf8mb4 COLLATE=utf8mb4_general_ci;

-- Volcando datos para la tabla crm.facturav: ~64 rows (aproximadamente)
REPLACE INTO `facturav` (`id`, `idcliente`, `fecha`, `total`, `iva`, `exento`, `impint`, `idlista`, `idtipocomprobante`, `idsucursal`, `idusuario`) VALUES
	(58, 12, '2024-11-05', 0.000000, 0.000000, 0.000000, 0.000000, 1, 1, 1, 2),
	(59, 12, '2024-11-05', 0.000000, 0.000000, 0.000000, 0.000000, 1, 1, 1, 2),
	(60, 12, '2024-11-05', 0.000000, 0.000000, 0.000000, 0.000000, 1, 1, 1, 2),
	(61, 12, '2024-11-05', 0.000000, 0.000000, 0.000000, 0.000000, 1, 1, 1, 2),
	(62, 12, '2024-11-05', 0.000000, 0.000000, 0.000000, 0.000000, 1, 1, 1, 2),
	(63, 12, '2024-11-05', 0.000000, 0.000000, 0.000000, 0.000000, 1, 1, 1, 2),
	(64, 2, '2024-11-05', 0.000000, 0.000000, 0.000000, 0.000000, 1, 1, 1, 2),
	(65, 2, '2024-11-05', 0.000000, 0.000000, 0.000000, 0.000000, 1, 1, 1, 2),
	(66, 12, '2024-11-05', 0.000000, 0.000000, 0.000000, 0.000000, 1, 1, 1, 2),
	(67, 19, '2024-11-05', 0.000000, 0.000000, 0.000000, 0.000000, 1, 0, 1, 2),
	(68, 20, '2024-11-05', 0.000000, 0.000000, 0.000000, 0.000000, 1, 3, 1, 2),
	(69, 20, '2024-11-05', 0.000000, 0.000000, 0.000000, 0.000000, 1, 3, 1, 2),
	(70, 20, '2024-11-05', 0.000000, 0.000000, 0.000000, 0.000000, 1, 3, 1, 2),
	(71, 20, '2024-11-05', 0.000000, 0.000000, 0.000000, 0.000000, 1, 3, 1, 2),
	(72, 20, '2024-11-05', 0.000000, 0.000000, 0.000000, 0.000000, 1, 3, 1, 2),
	(73, 20, '2024-11-05', 0.000000, 0.000000, 0.000000, 0.000000, 1, 3, 1, 2),
	(74, 2, '2024-11-05', 42400.000000, 0.000000, 0.000000, 0.000000, 1, 0, 1, 2),
	(75, 1, '2024-11-05', 40200.000000, 0.000000, 0.000000, 0.000000, 1, 0, 1, 2),
	(76, 10, '2024-11-07', 0.000000, 0.000000, 0.000000, 0.000000, 1, 0, 1, 2),
	(77, 2, '2024-11-07', 21400.000000, 0.000000, 0.000000, 0.000000, 1, 1, 1, 2),
	(78, 9, '2024-11-28', 0.000000, 0.000000, 0.000000, 0.000000, 1, 1, 2, 2),
	(79, 9, '2024-11-28', 0.000000, 0.000000, 0.000000, 0.000000, 1, 1, 2, 2),
	(80, 9, '2024-11-28', 32300.000000, 0.000000, 0.000000, 0.000000, 1, 1, 2, 2),
	(81, 1, '2024-11-28', 0.000000, 0.000000, 0.000000, 0.000000, 1, 0, 1, 2),
	(82, 1, '2024-11-28', 0.000000, 0.000000, 0.000000, 0.000000, 1, 0, 2, 2),
	(83, 1, '2024-11-28', 32300.000000, 0.000000, 0.000000, 0.000000, 1, 0, 2, 2),
	(84, 12, '2024-12-01', 31000.000000, 0.000000, 0.000000, 0.000000, 1, 0, 1, 2),
	(85, 1, '2024-12-02', 1500.000000, 0.000000, 0.000000, 0.000000, 1, 0, 1, 2),
	(86, 19, '2024-12-02', 3000.000000, 0.000000, 0.000000, 0.000000, 1, 0, 2, 2),
	(87, 2, '2024-12-06', 46200.000000, 0.000000, 0.000000, 0.000000, 1, 0, 1, 2),
	(88, 1, '2024-12-10', 4717.020000, 0.000000, 0.000000, 0.000000, 1, 0, 1, 2),
	(89, 22, '2024-12-16', 0.000000, 0.000000, 0.000000, 0.000000, 1, 12, 1, 2),
	(90, 23, '2024-12-16', 0.000000, 0.000000, 0.000000, 0.000000, 1, 12, 1, 2),
	(97, 22, '2024-12-16', 23100.000000, 0.000000, 0.000000, 0.000000, 1, 12, 1, 2),
	(98, 18, '2024-12-16', 66900.000000, 0.000000, 0.000000, 0.000000, 1, 10, 1, 2),
	(99, 18, '2024-12-16', 61300.000000, 0.000000, 0.000000, 0.000000, 1, 10, 1, 2),
	(100, 18, '2024-12-16', 63200.000000, 0.000000, 0.000000, 0.000000, 1, 10, 1, 2),
	(106, 2, '2024-12-17', 0.000000, 0.000000, 0.000000, 0.000000, 1, 10, 1, 2),
	(112, 2, '2024-12-17', 0.000000, 0.000000, 0.000000, 0.000000, 1, 10, 1, 2),
	(119, 8, '2024-12-17', 25000.000000, 0.000000, 0.000000, 0.000000, 1, 10, 1, 2),
	(124, 2, '2024-12-18', 25000.000000, 0.000000, 0.000000, 0.000000, 1, 10, 1, 2),
	(125, 14, '2024-12-18', 21600.000000, 0.000000, 0.000000, 0.000000, 1, 10, 1, 2),
	(126, 8, '2025-01-09', 29700.000000, 0.000000, 0.000000, 0.000000, 1, 0, 1, 2),
	(127, 9, '2025-01-14', 56400.000000, 0.000000, 0.000000, 0.000000, 1, 0, 1, 2),
	(128, 2, '2025-01-23', 25000.000000, 0.000000, 0.000000, 0.000000, 1, 10, 1, 3),
	(129, 14, '2025-01-23', 19700.000000, 0.000000, 0.000000, 0.000000, 1, 10, 1, 3),
	(130, 21, '2025-01-23', 20300.000000, 0.000000, 0.000000, 0.000000, 1, 12, 1, 3),
	(132, 23, '2025-01-23', 57400.000000, 0.000000, 0.000000, 0.000000, 1, 12, 1, 5),
	(133, 22, '2025-01-23', 30000.000000, 0.000000, 0.000000, 0.000000, 2, 12, 1, 5),
	(134, 19, '2025-01-23', 124800.000000, 0.000000, 0.000000, 0.000000, 1, 10, 1, 6),
	(135, 14, '2025-02-06', 35300.000000, 0.000000, 0.000000, 0.000000, 1, 10, 1, 3),
	(136, 2, '2025-02-20', 15000.000000, 0.000000, 0.000000, 0.000000, 1, 10, 1, 3),
	(137, 1, '2025-02-20', 38500.000000, 0.000000, 0.000000, 0.000000, 1, 10, 1, 3),
	(150, 1, '2025-02-20', 3000.000000, 630.000000, 0.000000, 0.000000, 1, 10, 1, 3),
	(154, 2, '2025-02-26', 25000.000000, 4338.842975, 0.000000, 0.000000, 1, 10, 1, 3),
	(156, 8, '2025-02-26', 42800.000000, 7428.099174, 0.000000, 0.000000, 1, 10, 1, 3),
	(157, 9, '2025-02-26', 14200.000000, 2464.462810, 0.000000, 0.000000, 1, 10, 1, 3),
	(158, 21, '2025-02-26', 212000.000000, 36793.388430, 0.000000, 0.000000, 1, 12, 1, 3),
	(159, 12, '2025-02-26', 42600.000000, 7393.388430, 0.000000, 0.000000, 1, 10, 1, 3),
	(160, 21, '2025-02-27', 15000.000000, 2603.305785, 0.000000, 0.000000, 1, 12, 1, 2),
	(161, 19, '2025-02-27', 15000.000000, 2603.305785, 0.000000, 0.000000, 1, 10, 2, 3),
	(162, 9, '2025-02-27', 107000.000000, 18570.247934, 0.000000, 0.000000, 1, 10, 2, 3),
	(163, 1, '2025-03-05', 19700.000000, 3419.008264, 0.000000, 0.000000, 1, 10, 1, 3),
	(164, 2, '2025-03-05', 21400.000000, 3714.049587, 0.000000, 0.000000, 1, 10, 2, 5);

-- Volcando estructura para procedimiento crm.get_vta_sucursales
DELIMITER //
CREATE PROCEDURE `get_vta_sucursales`(
	IN `desde` DATE,
	IN `hasta` DATE
)
BEGIN
  SELECT s.nombre, SUM(v.total) as total, COUNT(v.id) AS operaciones, AVG(v.total) op_promedio
  FROM facturav v
  JOIN sucursales s ON v.idsucursal = s.id
  where
    v.fecha BETWEEN desde AND hasta
  GROUP BY s.nombre;  
END//
DELIMITER ;

-- Volcando estructura para procedimiento crm.get_vta_vendedores
DELIMITER //
CREATE PROCEDURE `get_vta_vendedores`(
	IN `desde` DATE,
	IN `hasta` DATE
)
BEGIN
  SELECT u.nombre, SUM(v.total) as total, COUNT(v.id) AS operaciones, AVG(v.total) op_promedio
  FROM facturav v
  JOIN usuarios u ON v.idusuario = u.id
  where
    v.fecha BETWEEN desde AND hasta
  GROUP BY u.nombre; 

END//
DELIMITER ;

-- Volcando estructura para tabla crm.itemsc
CREATE TABLE IF NOT EXISTS `itemsc` (
  `idfactura` int NOT NULL,
  `id` int NOT NULL,
  `idarticulo` int NOT NULL,
  `cantidad` decimal(20,6) NOT NULL DEFAULT '0.000000',
  `precio_unitario` decimal(20,6) NOT NULL DEFAULT '0.000000',
  `precio_total` decimal(20,6) NOT NULL DEFAULT '0.000000',
  `iva` decimal(20,6) NOT NULL DEFAULT '0.000000',
  `idalciva` int NOT NULL DEFAULT '0',
  `exento` decimal(20,6) NOT NULL DEFAULT '0.000000',
  `impint` decimal(20,6) NOT NULL DEFAULT '0.000000',
  PRIMARY KEY (`idfactura`,`id`),
  KEY `idarticulo` (`idarticulo`),
  CONSTRAINT `itemsc_ibfk_1` FOREIGN KEY (`idfactura`) REFERENCES `facturac` (`id`),
  CONSTRAINT `itemsc_ibfk_2` FOREIGN KEY (`idarticulo`) REFERENCES `articulos` (`id`)
) ENGINE=InnoDB DEFAULT CHARSET=utf8mb4 COLLATE=utf8mb4_general_ci;

-- Volcando datos para la tabla crm.itemsc: ~11 rows (aproximadamente)
REPLACE INTO `itemsc` (`idfactura`, `id`, `idarticulo`, `cantidad`, `precio_unitario`, `precio_total`, `iva`, `idalciva`, `exento`, `impint`) VALUES
	(15, 0, 121, 10.000000, 12500.000000, 125000.000000, 0.000000, 0, 0.000000, 0.000000),
	(16, 0, 120, 5.000000, 16700.000000, 83500.000000, 0.000000, 0, 0.000000, 0.000000),
	(17, 0, 9, 10.000000, 9000.000000, 90000.000000, 0.000000, 0, 0.000000, 0.000000),
	(18, 0, 6, 10.000000, 14200.000000, 142000.000000, 0.000000, 0, 0.000000, 0.000000),
	(18, 1, 30, 10.000000, 23700.000000, 237000.000000, 0.000000, 0, 0.000000, 0.000000),
	(19, 0, 1, 10.000000, 10700.000000, 107000.000000, 0.000000, 0, 0.000000, 0.000000),
	(19, 1, 2, 10.000000, 16400.000000, 164000.000000, 0.000000, 0, 0.000000, 0.000000),
	(19, 2, 3, 10.000000, 12600.000000, 126000.000000, 0.000000, 0, 0.000000, 0.000000),
	(19, 3, 4, 10.000000, 11500.000000, 115000.000000, 0.000000, 0, 0.000000, 0.000000),
	(32, 0, 9, 10.000000, 9500.000000, 95000.000000, 19950.000000, 1, 0.000000, 0.000000),
	(33, 0, 6, 5.000000, 14500.000000, 72500.000000, 15225.000000, 1, 0.000000, 0.000000);

-- Volcando estructura para tabla crm.itemsrc
CREATE TABLE IF NOT EXISTS `itemsrc` (
  `idremito` int NOT NULL,
  `id` int NOT NULL,
  `idarticulo` int NOT NULL,
  `cantidad` decimal(20,6) NOT NULL,
  PRIMARY KEY (`idremito`,`id`),
  KEY `idarticulo` (`idarticulo`),
  CONSTRAINT `itemsrc_ibfk_1` FOREIGN KEY (`idremito`) REFERENCES `remitoc` (`id`),
  CONSTRAINT `itemsrc_ibfk_2` FOREIGN KEY (`idarticulo`) REFERENCES `articulos` (`id`)
) ENGINE=InnoDB DEFAULT CHARSET=utf8mb4 COLLATE=utf8mb4_general_ci;

-- Volcando datos para la tabla crm.itemsrc: ~2 rows (aproximadamente)
REPLACE INTO `itemsrc` (`idremito`, `id`, `idarticulo`, `cantidad`) VALUES
	(5, 0, 79, 20.000000),
	(6, 1, 248, 50.000000);

-- Volcando estructura para tabla crm.itemsv
CREATE TABLE IF NOT EXISTS `itemsv` (
  `idfactura` int NOT NULL,
  `id` int NOT NULL,
  `idarticulo` int NOT NULL,
  `cantidad` decimal(20,6) NOT NULL DEFAULT '0.000000',
  `precio_unitario` decimal(20,6) NOT NULL DEFAULT '0.000000',
  `precio_total` decimal(20,6) NOT NULL DEFAULT '0.000000',
  `iva` decimal(20,6) NOT NULL DEFAULT '0.000000',
  `idalciva` int NOT NULL DEFAULT '0',
  `ingbto` decimal(20,6) NOT NULL DEFAULT '0.000000',
  `idingbto` int NOT NULL DEFAULT '0',
  `exento` decimal(20,6) NOT NULL DEFAULT '0.000000',
  `impint` decimal(20,6) NOT NULL DEFAULT '0.000000',
  PRIMARY KEY (`idfactura`,`id`),
  KEY `idarticulo` (`idarticulo`),
  CONSTRAINT `itemsv_ibfk_1` FOREIGN KEY (`idfactura`) REFERENCES `facturav` (`id`),
  CONSTRAINT `itemsv_ibfk_2` FOREIGN KEY (`idarticulo`) REFERENCES `articulos` (`id`)
) ENGINE=InnoDB DEFAULT CHARSET=utf8mb4 COLLATE=utf8mb4_general_ci;

-- Volcando datos para la tabla crm.itemsv: ~60 rows (aproximadamente)
REPLACE INTO `itemsv` (`idfactura`, `id`, `idarticulo`, `cantidad`, `precio_unitario`, `precio_total`, `iva`, `idalciva`, `ingbto`, `idingbto`, `exento`, `impint`) VALUES
	(66, 0, 4, 4.000000, 0.000000, 0.000000, 0.000000, 0, 0.000000, 0, 0.000000, 0.000000),
	(67, 0, 14, 1.000000, 0.000000, 0.000000, 0.000000, 0, 0.000000, 0, 0.000000, 0.000000),
	(67, 1, 18, 1.000000, 0.000000, 0.000000, 0.000000, 0, 0.000000, 0, 0.000000, 0.000000),
	(69, 0, 6, 1.000000, 0.000000, 0.000000, 0.000000, 0, 0.000000, 0, 0.000000, 0.000000),
	(70, 0, 2, 1.000000, 0.000000, 0.000000, 0.000000, 0, 0.000000, 0, 0.000000, 0.000000),
	(71, 0, 4, 1.000000, 0.000000, 0.000000, 0.000000, 0, 0.000000, 0, 0.000000, 0.000000),
	(72, 0, 5, 1.000000, 0.000000, 0.000000, 0.000000, 0, 0.000000, 0, 0.000000, 0.000000),
	(73, 0, 6, 1.000000, 0.000000, 0.000000, 0.000000, 0, 0.000000, 0, 0.000000, 0.000000),
	(74, 0, 6, 1.000000, 23600.000000, 23600.000000, 0.000000, 0, 0.000000, 0, 0.000000, 0.000000),
	(74, 1, 4, 1.000000, 18800.000000, 18800.000000, 0.000000, 0, 0.000000, 0, 0.000000, 0.000000),
	(75, 0, 5, 1.000000, 21400.000000, 21400.000000, 0.000000, 0, 0.000000, 0, 0.000000, 0.000000),
	(75, 1, 4, 1.000000, 18800.000000, 18800.000000, 0.000000, 0, 0.000000, 0, 0.000000, 0.000000),
	(77, 0, 5, 1.000000, 21400.000000, 21400.000000, 0.000000, 0, 0.000000, 0, 0.000000, 0.000000),
	(80, 0, 73, 1.000000, 32300.000000, 32300.000000, 0.000000, 0, 0.000000, 0, 0.000000, 0.000000),
	(83, 0, 73, 1.000000, 32300.000000, 32300.000000, 0.000000, 0, 0.000000, 0, 0.000000, 0.000000),
	(84, 0, 114, 1.000000, 31000.000000, 31000.000000, 0.000000, 0, 0.000000, 0, 0.000000, 0.000000),
	(85, 0, 261, 1.000000, 1500.000000, 1500.000000, 0.000000, 0, 0.000000, 0, 0.000000, 0.000000),
	(86, 0, 264, 2.000000, 1500.000000, 3000.000000, 0.000000, 0, 0.000000, 0, 0.000000, 0.000000),
	(87, 0, 264, 1.000000, 1500.000000, 1500.000000, 0.000000, 0, 0.000000, 0, 0.000000, 0.000000),
	(87, 1, 19, 1.000000, 19700.000000, 19700.000000, 0.000000, 0, 0.000000, 0, 0.000000, 0.000000),
	(87, 2, 6, 1.000000, 25000.000000, 25000.000000, 0.000000, 0, 0.000000, 0, 0.000000, 0.000000),
	(88, 0, 267, 1.000000, 4717.020000, 4717.020000, 0.000000, 0, 0.000000, 0, 0.000000, 0.000000),
	(97, 1, 52, 1.000000, 23100.000000, 23100.000000, 0.000000, 0, 0.000000, 0, 0.000000, 0.000000),
	(98, 1, 59, 1.000000, 28700.000000, 28700.000000, 0.000000, 0, 0.000000, 0, 0.000000, 0.000000),
	(98, 2, 30, 1.000000, 38200.000000, 38200.000000, 0.000000, 0, 0.000000, 0, 0.000000, 0.000000),
	(99, 1, 52, 1.000000, 23100.000000, 23100.000000, 0.000000, 0, 0.000000, 0, 0.000000, 0.000000),
	(99, 2, 30, 1.000000, 38200.000000, 38200.000000, 0.000000, 0, 0.000000, 0, 0.000000, 0.000000),
	(100, 1, 6, 1.000000, 25000.000000, 25000.000000, 0.000000, 0, 0.000000, 0, 0.000000, 0.000000),
	(100, 2, 30, 1.000000, 38200.000000, 38200.000000, 0.000000, 0, 0.000000, 0, 0.000000, 0.000000),
	(119, 0, 6, 1.000000, 25000.000000, 25000.000000, 0.000000, 0, 0.000000, 0, 0.000000, 0.000000),
	(124, 0, 6, 1.000000, 25000.000000, 25000.000000, 0.000000, 0, 0.000000, 0, 0.000000, 0.000000),
	(125, 0, 3, 1.000000, 21600.000000, 21600.000000, 0.000000, 0, 0.000000, 0, 0.000000, 0.000000),
	(126, 0, 34, 1.000000, 29700.000000, 29700.000000, 0.000000, 0, 0.000000, 0, 0.000000, 0.000000),
	(127, 0, 4, 3.000000, 18800.000000, 56400.000000, 0.000000, 0, 0.000000, 0, 0.000000, 0.000000),
	(128, 0, 6, 1.000000, 25000.000000, 25000.000000, 0.000000, 0, 0.000000, 0, 0.000000, 0.000000),
	(129, 0, 19, 1.000000, 19700.000000, 19700.000000, 0.000000, 0, 0.000000, 0, 0.000000, 0.000000),
	(130, 0, 4, 1.000000, 18800.000000, 18800.000000, 0.000000, 0, 0.000000, 0, 0.000000, 0.000000),
	(130, 1, 261, 1.000000, 1500.000000, 1500.000000, 0.000000, 0, 0.000000, 0, 0.000000, 0.000000),
	(132, 0, 59, 2.000000, 28700.000000, 57400.000000, 0.000000, 0, 0.000000, 0, 0.000000, 0.000000),
	(133, 0, 263, 3.000000, 10000.000000, 30000.000000, 0.000000, 0, 0.000000, 0, 0.000000, 0.000000),
	(134, 0, 9, 1.000000, 15000.000000, 15000.000000, 0.000000, 0, 0.000000, 0, 0.000000, 0.000000),
	(134, 1, 30, 1.000000, 38200.000000, 38200.000000, 0.000000, 0, 0.000000, 0, 0.000000, 0.000000),
	(134, 2, 153, 2.000000, 35800.000000, 71600.000000, 0.000000, 0, 0.000000, 0, 0.000000, 0.000000),
	(135, 0, 262, 2.000000, 1500.000000, 3000.000000, 0.000000, 0, 0.000000, 0, 0.000000, 0.000000),
	(135, 1, 73, 1.000000, 32300.000000, 32300.000000, 0.000000, 0, 0.000000, 0, 0.000000, 0.000000),
	(136, 0, 9, 1.000000, 15000.000000, 15000.000000, 0.000000, 0, 0.000000, 0, 0.000000, 0.000000),
	(137, 0, 7, 1.000000, 18800.000000, 18800.000000, 0.000000, 0, 0.000000, 0, 0.000000, 0.000000),
	(137, 1, 19, 1.000000, 19700.000000, 19700.000000, 0.000000, 0, 0.000000, 0, 0.000000, 0.000000),
	(150, 0, 261, 1.000000, 1500.000000, 1500.000000, 315.000000, 1, 0.000000, 0, 0.000000, 0.000000),
	(150, 1, 264, 1.000000, 1500.000000, 1500.000000, 315.000000, 1, 0.000000, 0, 0.000000, 0.000000),
	(154, 0, 6, 1.000000, 25000.000000, 25000.000000, 4338.842975, 1, 0.000000, 0, 0.000000, 0.000000),
	(156, 0, 5, 2.000000, 21400.000000, 42800.000000, 7428.099174, 1, 1061.157025, 1, 0.000000, 0.000000),
	(157, 0, 18, 1.000000, 14200.000000, 14200.000000, 2464.462810, 1, 352.066116, 1, 0.000000, 0.000000),
	(158, 0, 79, 10.000000, 21200.000000, 212000.000000, 36793.388430, 1, 5256.198347, 1, 0.000000, 0.000000),
	(159, 0, 18, 3.000000, 14200.000000, 42600.000000, 7393.388430, 1, 1056.198347, 1, 0.000000, 0.000000),
	(160, 0, 9, 1.000000, 15000.000000, 15000.000000, 2603.305785, 1, 371.900826, 1, 0.000000, 0.000000),
	(161, 0, 9, 1.000000, 15000.000000, 15000.000000, 2603.305785, 1, 371.900826, 1, 0.000000, 0.000000),
	(162, 0, 5, 5.000000, 21400.000000, 107000.000000, 18570.247934, 1, 2652.892562, 1, 0.000000, 0.000000),
	(163, 0, 19, 1.000000, 19700.000000, 19700.000000, 3419.008264, 1, 488.429752, 1, 0.000000, 0.000000),
	(164, 0, 5, 1.000000, 21400.000000, 21400.000000, 3714.049587, 1, 530.578512, 1, 0.000000, 0.000000);

-- Volcando estructura para tabla crm.item_balance
CREATE TABLE IF NOT EXISTS `item_balance` (
  `id` int NOT NULL AUTO_INCREMENT,
  `idbalance` int DEFAULT NULL,
  `idarticulo` int NOT NULL,
  `cantidad` decimal(20,6) NOT NULL DEFAULT '0.000000',
  `precio_unitario` decimal(20,6) NOT NULL DEFAULT '0.000000',
  `precio_total` decimal(20,6) NOT NULL DEFAULT '0.000000',
  PRIMARY KEY (`id`),
  KEY `idbalance` (`idbalance`),
  KEY `idarticulo` (`idarticulo`),
  CONSTRAINT `item_balance_ibfk_1` FOREIGN KEY (`idbalance`) REFERENCES `balance` (`id`),
  CONSTRAINT `item_balance_ibfk_2` FOREIGN KEY (`idarticulo`) REFERENCES `articulos` (`id`)
) ENGINE=InnoDB AUTO_INCREMENT=3 DEFAULT CHARSET=utf8mb4 COLLATE=utf8mb4_general_ci;

-- Volcando datos para la tabla crm.item_balance: ~2 rows (aproximadamente)
REPLACE INTO `item_balance` (`id`, `idbalance`, `idarticulo`, `cantidad`, `precio_unitario`, `precio_total`) VALUES
	(1, 1, 9, 10.000000, 15000.000000, 150000.000000),
	(2, 2, 19, 3.000000, 19700.000000, 59100.000000);

-- Volcando estructura para tabla crm.item_cambio_precios
CREATE TABLE IF NOT EXISTS `item_cambio_precios` (
  `idcambioprecio` int NOT NULL,
  `id` int NOT NULL,
  `idarticulo` int NOT NULL,
  `precio_de` decimal(20,6) NOT NULL DEFAULT '0.000000',
  `precio_a` decimal(20,6) NOT NULL DEFAULT '0.000000',
  PRIMARY KEY (`idcambioprecio`,`id`),
  KEY `idarticulo` (`idarticulo`),
  CONSTRAINT `item_cambio_precios_ibfk_1` FOREIGN KEY (`idcambioprecio`) REFERENCES `cambio_precios` (`id`),
  CONSTRAINT `item_cambio_precios_ibfk_2` FOREIGN KEY (`idarticulo`) REFERENCES `articulos` (`id`)
) ENGINE=InnoDB DEFAULT CHARSET=utf8mb4 COLLATE=utf8mb4_general_ci;

-- Volcando datos para la tabla crm.item_cambio_precios: ~1 rows (aproximadamente)
REPLACE INTO `item_cambio_precios` (`idcambioprecio`, `id`, `idarticulo`, `precio_de`, `precio_a`) VALUES
	(4, 0, 226, 0.000000, 20000.000000);

-- Volcando estructura para tabla crm.item_remito_sucs
CREATE TABLE IF NOT EXISTS `item_remito_sucs` (
  `idremito` int NOT NULL,
  `id` int NOT NULL,
  `idarticulo` int NOT NULL,
  `cantidad` decimal(20,6) NOT NULL DEFAULT '0.000000',
  PRIMARY KEY (`idremito`,`id`,`idarticulo`),
  KEY `idarticulo` (`idarticulo`),
  CONSTRAINT `item_remito_sucs_ibfk_1` FOREIGN KEY (`idremito`) REFERENCES `remito_sucursales` (`id`),
  CONSTRAINT `item_remito_sucs_ibfk_2` FOREIGN KEY (`idarticulo`) REFERENCES `articulos` (`id`)
) ENGINE=InnoDB DEFAULT CHARSET=utf8mb4 COLLATE=utf8mb4_general_ci;

-- Volcando datos para la tabla crm.item_remito_sucs: ~0 rows (aproximadamente)
REPLACE INTO `item_remito_sucs` (`idremito`, `id`, `idarticulo`, `cantidad`) VALUES
	(1, 0, 248, 25.000000);

-- Volcando estructura para tabla crm.listas_precio
CREATE TABLE IF NOT EXISTS `listas_precio` (
  `id` int NOT NULL AUTO_INCREMENT,
  `nombre` varchar(100) COLLATE utf8mb4_general_ci NOT NULL,
  `markup` decimal(20,6) NOT NULL DEFAULT '0.000000',
  PRIMARY KEY (`id`)
) ENGINE=InnoDB AUTO_INCREMENT=4 DEFAULT CHARSET=utf8mb4 COLLATE=utf8mb4_general_ci;

-- Volcando datos para la tabla crm.listas_precio: ~3 rows (aproximadamente)
REPLACE INTO `listas_precio` (`id`, `nombre`, `markup`) VALUES
	(1, 'Contado', 1.500000),
	(2, 'Tarjeta', 2.000000),
	(3, 'Mercado libre', 2.200000);

-- Volcando estructura para procedimiento crm.lst_compuesto
DELIMITER //
CREATE PROCEDURE `lst_compuesto`()
    COMMENT 'lista los artículos compuesto'
BEGIN

		SELECT distinct a.id, a.codigo, a.detalle, m.nombre AS marca, r.nombre AS rubro
		FROM articulos a
		JOIN art_compuesto ac
			ON ac.idarticulo = a.id
		LEFT JOIN marcas m
			ON m.id = a.idmarca
		LEFT JOIN rubros r
			ON r.id = a.idrubro;
END//
DELIMITER ;

-- Volcando estructura para tabla crm.marcas
CREATE TABLE IF NOT EXISTS `marcas` (
  `id` int NOT NULL AUTO_INCREMENT,
  `nombre` varchar(100) COLLATE utf8mb4_general_ci NOT NULL,
  PRIMARY KEY (`id`)
) ENGINE=InnoDB AUTO_INCREMENT=3 DEFAULT CHARSET=utf8mb4 COLLATE=utf8mb4_general_ci;

-- Volcando datos para la tabla crm.marcas: ~2 rows (aproximadamente)
REPLACE INTO `marcas` (`id`, `nombre`) VALUES
	(1, 'Fly estética'),
	(2, 'Lidherma');

-- Volcando estructura para procedimiento crm.mas_vendidos
DELIMITER //
CREATE PROCEDURE `mas_vendidos`(
	IN `sucursal` INT,
	IN `desde` DATE,
	IN `hasta` DATE,
	IN `cant_registros` INT
)
BEGIN
	SELECT  a.codigo, a.detalle, SUM(i.cantidad) AS cantidad
	FROM articulos a
	JOIN itemsv i ON a.id = i.idarticulo
	JOIN facturav f ON i.idfactura = f.id
	where
	   f.idsucursal = sucursal AND
		f.fecha BETWEEN desde AND hasta
	GROUP BY a.codigo, a.detalle
	ORDER BY cantidad desc
	LIMIT cant_registros;

END//
DELIMITER ;

-- Volcando estructura para tabla crm.pagos_cobros
CREATE TABLE IF NOT EXISTS `pagos_cobros` (
  `id` smallint NOT NULL,
  `pagos_cobros` varchar(50) COLLATE utf8mb4_general_ci NOT NULL DEFAULT '',
  PRIMARY KEY (`id`)
) ENGINE=InnoDB DEFAULT CHARSET=utf8mb4 COLLATE=utf8mb4_general_ci;

-- Volcando datos para la tabla crm.pagos_cobros: ~3 rows (aproximadamente)
REPLACE INTO `pagos_cobros` (`id`, `pagos_cobros`) VALUES
	(1, 'Contado'),
	(2, 'Tarjeta'),
	(3, 'Cta. Cte.');

-- Volcando estructura para tabla crm.pagos_fc
CREATE TABLE IF NOT EXISTS `pagos_fc` (
  `idfactura` int NOT NULL,
  `idpago` int NOT NULL,
  `tipo` int NOT NULL,
  `total` decimal(20,6) NOT NULL DEFAULT '0.000000',
  PRIMARY KEY (`idfactura`,`idpago`),
  CONSTRAINT `pagos_fc_ibfk_1` FOREIGN KEY (`idfactura`) REFERENCES `facturac` (`id`)
) ENGINE=InnoDB DEFAULT CHARSET=utf8mb4 COLLATE=utf8mb4_general_ci;

-- Volcando datos para la tabla crm.pagos_fc: ~10 rows (aproximadamente)
REPLACE INTO `pagos_fc` (`idfactura`, `idpago`, `tipo`, `total`) VALUES
	(13, 1, 1, 100.000000),
	(15, 1, 0, 125000.000000),
	(16, 3, 0, 83500.000000),
	(17, 1, 1, 90000.000000),
	(18, 1, 1, 379000.000000),
	(19, 1, 1, 212000.000000),
	(19, 3, 3, 300000.000000),
	(25, 3, 3, 250000.000000),
	(32, 3, 3, 95000.000000),
	(33, 3, 3, 72500.000000);

-- Volcando estructura para tabla crm.pagos_fv
CREATE TABLE IF NOT EXISTS `pagos_fv` (
  `idfactura` int NOT NULL,
  `idpago` int NOT NULL,
  `tipo` int NOT NULL,
  `total` decimal(20,6) NOT NULL DEFAULT '0.000000',
  `entidad` int NOT NULL DEFAULT '0',
  PRIMARY KEY (`idfactura`,`idpago`),
  CONSTRAINT `pagos_fv_ibfk_1` FOREIGN KEY (`idfactura`) REFERENCES `facturav` (`id`)
) ENGINE=InnoDB DEFAULT CHARSET=utf8mb4 COLLATE=utf8mb4_general_ci;

-- Volcando datos para la tabla crm.pagos_fv: ~58 rows (aproximadamente)
REPLACE INTO `pagos_fv` (`idfactura`, `idpago`, `tipo`, `total`, `entidad`) VALUES
	(66, 1, 0, 75200.000000, 0),
	(67, 1, 0, 39200.000000, 0),
	(69, 1, 0, 23600.000000, 0),
	(70, 1, 0, 28000.000000, 0),
	(71, 1, 0, 18800.000000, 0),
	(72, 1, 0, 21400.000000, 0),
	(73, 1, 0, 23600.000000, 0),
	(74, 1, 0, 42400.000000, 0),
	(75, 1, 0, 40200.000000, 0),
	(77, 1, 0, 21400.000000, 0),
	(80, 1, 0, 32300.000000, 0),
	(83, 1, 0, 32300.000000, 0),
	(84, 1, 0, 31000.000000, 0),
	(85, 1, 0, 1500.000000, 0),
	(86, 2, 1, 3000.000000, 0),
	(87, 1, 0, 46200.000000, 0),
	(88, 1, 0, 4717.020000, 0),
	(89, 1, 0, 28700.000000, 0),
	(90, 3, 0, 46200.000000, 0),
	(97, 1, 0, 23100.000000, 0),
	(100, 1, 0, 1900.000000, 0),
	(100, 2, 1, 61300.000000, 0),
	(112, 1, 1, 25000.000000, 0),
	(119, 1, 1, 25000.000000, 0),
	(124, 2, 2, 25000.000000, 1),
	(125, 1, 1, 1600.000000, 0),
	(125, 2, 2, 20000.000000, 2),
	(126, 1, 1, 700.000000, 0),
	(126, 2, 2, 29000.000000, 1),
	(127, 1, 1, 6400.000000, 0),
	(127, 2, 2, 50000.000000, 1),
	(128, 1, 1, 25000.000000, 0),
	(129, 2, 2, 19700.000000, 1),
	(130, 1, 1, 5300.000000, 0),
	(130, 2, 2, 15000.000000, 2),
	(132, 2, 2, 57400.000000, 2),
	(133, 1, 1, 30000.000000, 0),
	(134, 1, 1, 4800.000000, 0),
	(134, 2, 2, 120000.000000, 1),
	(135, 1, 1, 35300.000000, 0),
	(136, 1, 1, 15000.000000, 0),
	(137, 1, 1, 8500.000000, 0),
	(137, 2, 2, 30000.000000, 1),
	(150, 1, 1, 3000.000000, 0),
	(154, 1, 1, 25000.000000, 0),
	(156, 1, 1, 10000.000000, 0),
	(156, 2, 2, 32800.000000, 1),
	(157, 1, 1, 14200.000000, 0),
	(158, 1, 1, 2000.000000, 0),
	(158, 2, 2, 210000.000000, 2),
	(159, 1, 1, 20600.000000, 0),
	(159, 2, 2, 22000.000000, 1),
	(160, 1, 1, 15000.000000, 0),
	(161, 1, 1, 15000.000000, 0),
	(162, 1, 1, 7000.000000, 0),
	(162, 2, 2, 100000.000000, 1),
	(163, 1, 1, 19700.000000, 0),
	(164, 1, 1, 21400.000000, 0);

-- Volcando estructura para tabla crm.precios
CREATE TABLE IF NOT EXISTS `precios` (
  `idlista` int NOT NULL,
  `idarticulo` int NOT NULL,
  `precio` decimal(20,6) NOT NULL DEFAULT '0.000000',
  `ult_modificacion` date NOT NULL DEFAULT '0000-00-00',
  PRIMARY KEY (`idlista`,`idarticulo`),
  KEY `idarticulo` (`idarticulo`),
  CONSTRAINT `precios_ibfk_1` FOREIGN KEY (`idlista`) REFERENCES `listas_precio` (`id`),
  CONSTRAINT `precios_ibfk_2` FOREIGN KEY (`idarticulo`) REFERENCES `articulos` (`id`)
) ENGINE=InnoDB DEFAULT CHARSET=utf8mb4 COLLATE=utf8mb4_general_ci;

-- Volcando datos para la tabla crm.precios: ~298 rows (aproximadamente)
REPLACE INTO `precios` (`idlista`, `idarticulo`, `precio`, `ult_modificacion`) VALUES
	(1, 1, 18400.000000, '2024-12-04'),
	(1, 2, 28000.000000, '2024-12-04'),
	(1, 3, 21600.000000, '2024-12-04'),
	(1, 4, 18800.000000, '2024-12-04'),
	(1, 5, 21400.000000, '2024-12-04'),
	(1, 6, 21750.000000, '2024-12-05'),
	(1, 7, 18800.000000, '2024-12-04'),
	(1, 8, 0.000000, '2024-12-04'),
	(1, 9, 15000.000000, '2024-12-04'),
	(1, 10, 22300.000000, '2024-12-04'),
	(1, 11, 34200.000000, '2024-12-04'),
	(1, 12, 33500.000000, '2024-12-04'),
	(1, 13, 24300.000000, '2024-12-04'),
	(1, 14, 25000.000000, '2024-12-04'),
	(1, 15, 0.000000, '2024-12-04'),
	(1, 16, 0.000000, '2024-12-04'),
	(1, 17, 0.000000, '2024-12-04'),
	(1, 18, 14200.000000, '2024-12-04'),
	(1, 19, 19700.000000, '2024-12-04'),
	(1, 20, 28700.000000, '2024-12-04'),
	(1, 21, 33800.000000, '2024-12-04'),
	(1, 22, 0.000000, '2024-12-04'),
	(1, 23, 27300.000000, '2024-12-04'),
	(1, 24, 21200.000000, '2024-12-04'),
	(1, 25, 0.000000, '2024-12-04'),
	(1, 26, 38900.000000, '2024-12-04'),
	(1, 27, 36200.000000, '2024-12-04'),
	(1, 28, 42600.000000, '2024-12-04'),
	(1, 29, 39600.000000, '2024-12-04'),
	(1, 30, 38200.000000, '2024-12-04'),
	(1, 31, 37300.000000, '2024-12-04'),
	(1, 32, 28500.000000, '2024-12-04'),
	(1, 33, 37100.000000, '2024-12-04'),
	(1, 34, 29700.000000, '2024-12-04'),
	(1, 35, 0.000000, '2024-12-04'),
	(1, 36, 22900.000000, '2024-12-04'),
	(1, 37, 29500.000000, '2024-12-04'),
	(1, 38, 0.000000, '2024-12-04'),
	(1, 39, 0.000000, '2024-12-04'),
	(1, 40, 26600.000000, '2024-12-04'),
	(1, 41, 0.000000, '2024-12-04'),
	(1, 42, 0.000000, '2024-12-04'),
	(1, 43, 0.000000, '2024-12-04'),
	(1, 44, 0.000000, '2024-12-04'),
	(1, 45, 0.000000, '2024-12-04'),
	(1, 46, 0.000000, '2024-12-04'),
	(1, 47, 0.000000, '2024-12-04'),
	(1, 48, 23200.000000, '2024-12-04'),
	(1, 49, 0.000000, '2024-12-04'),
	(1, 50, 24300.000000, '2024-12-04'),
	(1, 51, 0.000000, '2024-12-04'),
	(1, 52, 23100.000000, '2024-12-04'),
	(1, 53, 17100.000000, '2024-12-04'),
	(1, 54, 0.000000, '2024-12-04'),
	(1, 55, 0.000000, '2024-12-04'),
	(1, 56, 24900.000000, '2024-12-04'),
	(1, 57, 0.000000, '2024-12-04'),
	(1, 58, 27800.000000, '2024-12-04'),
	(1, 59, 28700.000000, '2024-12-04'),
	(1, 60, 25500.000000, '2024-12-04'),
	(1, 61, 0.000000, '2024-12-04'),
	(1, 62, 26200.000000, '2024-12-04'),
	(1, 63, 23200.000000, '2024-12-04'),
	(1, 64, 19800.000000, '2024-12-04'),
	(1, 65, 18300.000000, '2024-12-04'),
	(1, 66, 0.000000, '2024-12-04'),
	(1, 67, 24300.000000, '2024-12-04'),
	(1, 68, 38100.000000, '2024-12-04'),
	(1, 69, 40200.000000, '2024-12-04'),
	(1, 70, 38600.000000, '2024-12-04'),
	(1, 71, 36900.000000, '2024-12-04'),
	(1, 72, 25000.000000, '2024-12-04'),
	(1, 73, 32300.000000, '2024-12-04'),
	(1, 74, 24200.000000, '2024-12-04'),
	(1, 75, 15800.000000, '2024-12-04'),
	(1, 76, 0.000000, '2024-12-04'),
	(1, 77, 30500.000000, '2024-12-04'),
	(1, 78, 14200.000000, '2024-12-04'),
	(1, 79, 19500.000000, '2025-03-01'),
	(1, 80, 23800.000000, '2024-12-04'),
	(1, 81, 29000.000000, '2024-12-04'),
	(1, 82, 0.000000, '2024-12-04'),
	(1, 83, 0.000000, '2024-12-04'),
	(1, 84, 0.000000, '2024-12-04'),
	(1, 85, 0.000000, '2024-12-04'),
	(1, 86, 30700.000000, '2024-12-04'),
	(1, 87, 38200.000000, '2024-12-04'),
	(1, 88, 38300.000000, '2024-12-04'),
	(1, 89, 0.000000, '2024-12-04'),
	(1, 90, 5300.000000, '2024-12-04'),
	(1, 91, 29200.000000, '2024-12-04'),
	(1, 92, 0.000000, '2024-12-04'),
	(1, 93, 30500.000000, '2024-12-04'),
	(1, 94, 30500.000000, '2024-12-04'),
	(1, 95, 25000.000000, '2024-12-04'),
	(1, 96, 25000.000000, '2024-12-04'),
	(1, 97, 25000.000000, '2024-12-04'),
	(1, 98, 30500.000000, '2024-12-04'),
	(1, 99, 30500.000000, '2024-12-04'),
	(1, 100, 25000.000000, '2024-12-04'),
	(1, 101, 30500.000000, '2024-12-04'),
	(1, 102, 30500.000000, '2024-12-04'),
	(1, 103, 30500.000000, '2024-12-04'),
	(1, 104, 25500.000000, '2024-12-04'),
	(1, 105, 21900.000000, '2024-12-04'),
	(1, 106, 25400.000000, '2024-12-04'),
	(1, 107, 29600.000000, '2024-12-04'),
	(1, 108, 28800.000000, '2024-12-04'),
	(1, 109, 24800.000000, '2024-12-04'),
	(1, 110, 24000.000000, '2024-12-04'),
	(1, 111, 27200.000000, '2024-12-04'),
	(1, 112, 30900.000000, '2024-12-04'),
	(1, 113, 0.000000, '2024-12-04'),
	(1, 114, 31000.000000, '2024-12-04'),
	(1, 115, 15400.000000, '2024-12-04'),
	(1, 116, 37000.000000, '2024-12-04'),
	(1, 117, 0.000000, '2024-12-04'),
	(1, 118, 0.000000, '2024-12-04'),
	(1, 119, 25000.000000, '2024-12-04'),
	(1, 120, 25050.000000, '2025-03-05'),
	(1, 121, 18750.000000, '2025-03-01'),
	(1, 122, 27700.000000, '2024-12-04'),
	(1, 123, 31000.000000, '2024-12-04'),
	(1, 124, 0.000000, '2024-12-04'),
	(1, 125, 31200.000000, '2024-12-04'),
	(1, 126, 28700.000000, '2024-12-04'),
	(1, 127, 42300.000000, '2024-12-04'),
	(1, 128, 40000.000000, '2024-12-04'),
	(1, 129, 34700.000000, '2024-12-04'),
	(1, 130, 0.000000, '2024-12-04'),
	(1, 131, 22900.000000, '2024-12-04'),
	(1, 132, 30000.000000, '2024-12-04'),
	(1, 133, 34300.000000, '2024-12-04'),
	(1, 134, 32300.000000, '2024-12-04'),
	(1, 135, 27300.000000, '2024-12-04'),
	(1, 136, 22900.000000, '2024-12-04'),
	(1, 137, 0.000000, '2024-12-04'),
	(1, 138, 5300.000000, '2024-12-04'),
	(1, 139, 0.000000, '2024-12-04'),
	(1, 140, 12200.000000, '2024-12-04'),
	(1, 141, 17900.000000, '2024-12-04'),
	(1, 142, 20700.000000, '2024-12-04'),
	(1, 143, 19100.000000, '2024-12-04'),
	(1, 144, 19100.000000, '2024-12-04'),
	(1, 145, 9500.000000, '2024-12-04'),
	(1, 146, 19400.000000, '2024-12-04'),
	(1, 147, 20100.000000, '2024-12-04'),
	(1, 148, 19400.000000, '2024-12-04'),
	(1, 149, 19400.000000, '2024-12-04'),
	(1, 150, 19400.000000, '2024-12-04'),
	(1, 151, 20900.000000, '2024-12-04'),
	(1, 152, 35800.000000, '2024-12-04'),
	(1, 153, 35800.000000, '2024-12-04'),
	(1, 154, 35800.000000, '2024-12-04'),
	(1, 155, 33500.000000, '2024-12-04'),
	(1, 156, 33500.000000, '2024-12-04'),
	(1, 157, 33500.000000, '2024-12-04'),
	(1, 158, 33100.000000, '2024-12-04'),
	(1, 159, 33100.000000, '2024-12-04'),
	(1, 160, 33100.000000, '2024-12-04'),
	(1, 161, 19100.000000, '2024-12-04'),
	(1, 162, 19100.000000, '2024-12-04'),
	(1, 163, 19100.000000, '2024-12-04'),
	(1, 164, 22500.000000, '2024-12-04'),
	(1, 165, 22300.000000, '2024-12-04'),
	(1, 166, 22300.000000, '2024-12-04'),
	(1, 167, 22300.000000, '2024-12-04'),
	(1, 168, 27900.000000, '2024-12-04'),
	(1, 169, 15000.000000, '2024-12-04'),
	(1, 170, 15000.000000, '2024-12-04'),
	(1, 171, 15000.000000, '2024-12-04'),
	(1, 172, 19100.000000, '2024-12-04'),
	(1, 173, 19100.000000, '2024-12-04'),
	(1, 174, 0.000000, '2024-12-04'),
	(1, 175, 0.000000, '2024-12-04'),
	(1, 176, 23000.000000, '2024-12-04'),
	(1, 177, 23000.000000, '2024-12-04'),
	(1, 178, 23000.000000, '2024-12-04'),
	(1, 179, 35300.000000, '2024-12-04'),
	(1, 180, 14100.000000, '2024-12-04'),
	(1, 181, 14100.000000, '2024-12-04'),
	(1, 182, 14100.000000, '2024-12-04'),
	(1, 183, 14100.000000, '2024-12-04'),
	(1, 184, 17500.000000, '2024-12-04'),
	(1, 185, 17500.000000, '2024-12-04'),
	(1, 186, 17500.000000, '2024-12-04'),
	(1, 187, 17500.000000, '2024-12-04'),
	(1, 188, 18200.000000, '2024-12-04'),
	(1, 189, 39700.000000, '2024-12-04'),
	(1, 190, 35600.000000, '2024-12-04'),
	(1, 191, 28500.000000, '2024-12-04'),
	(1, 192, 24800.000000, '2024-12-04'),
	(1, 193, 24500.000000, '2024-12-04'),
	(1, 194, 39500.000000, '2024-12-04'),
	(1, 195, 35500.000000, '2024-12-04'),
	(1, 196, 35000.000000, '2024-12-04'),
	(1, 197, 0.000000, '2024-12-04'),
	(1, 198, 24300.000000, '2024-12-04'),
	(1, 199, 0.000000, '2024-12-04'),
	(1, 200, 0.000000, '2024-12-04'),
	(1, 201, 0.000000, '2024-12-04'),
	(1, 202, 0.000000, '2024-12-04'),
	(1, 203, 0.000000, '2024-12-04'),
	(1, 204, 0.000000, '2024-12-04'),
	(1, 205, 39600.000000, '2024-12-04'),
	(1, 206, 25200.000000, '2024-12-04'),
	(1, 207, 0.000000, '2024-12-04'),
	(1, 208, 0.000000, '2024-12-04'),
	(1, 209, 0.000000, '2024-12-04'),
	(1, 210, 0.000000, '2024-12-04'),
	(1, 211, 0.000000, '2024-12-04'),
	(1, 212, 0.000000, '2024-12-04'),
	(1, 213, 0.000000, '2024-12-04'),
	(1, 214, 0.000000, '2024-12-04'),
	(1, 215, 0.000000, '2024-12-04'),
	(1, 216, 0.000000, '2024-12-04'),
	(1, 217, 0.000000, '2024-12-04'),
	(1, 218, 0.000000, '2024-12-04'),
	(1, 219, 11800.000000, '2024-12-04'),
	(1, 220, 19000.000000, '2024-12-04'),
	(1, 221, 15200.000000, '2024-12-04'),
	(1, 222, 25100.000000, '2024-12-04'),
	(1, 223, 33100.000000, '2024-12-04'),
	(1, 224, 33100.000000, '2024-12-04'),
	(1, 225, 19900.000000, '2024-12-04'),
	(1, 226, 20000.000000, '2025-01-09'),
	(1, 227, 0.000000, '2024-12-04'),
	(1, 228, 0.000000, '2024-12-04'),
	(1, 229, 0.000000, '2024-12-04'),
	(1, 230, 0.000000, '2024-12-04'),
	(1, 231, 0.000000, '2024-12-04'),
	(1, 232, 0.000000, '2024-12-04'),
	(1, 233, 0.000000, '2024-12-04'),
	(1, 234, 0.000000, '2024-12-04'),
	(1, 235, 0.000000, '2024-12-04'),
	(1, 236, 0.000000, '2024-12-04'),
	(1, 237, 18525.350000, '2025-01-09'),
	(1, 238, 0.000000, '2024-12-04'),
	(1, 239, 0.000000, '2024-12-04'),
	(1, 240, 0.000000, '2024-12-04'),
	(1, 241, 0.000000, '2024-12-04'),
	(1, 242, 0.000000, '2024-12-04'),
	(1, 243, 0.000000, '2024-12-04'),
	(1, 244, 0.000000, '2024-12-04'),
	(1, 245, 0.000000, '2024-12-04'),
	(1, 246, 0.000000, '2024-12-04'),
	(1, 247, 0.000000, '2024-12-04'),
	(1, 248, 0.000000, '2025-03-04'),
	(1, 249, 0.000000, '2024-12-04'),
	(1, 250, 0.000000, '2024-12-04'),
	(1, 251, 0.000000, '2024-12-04'),
	(1, 252, 0.000000, '2024-12-04'),
	(1, 253, 0.000000, '2024-12-04'),
	(1, 254, 0.000000, '2024-12-04'),
	(1, 255, 0.000000, '2024-12-04'),
	(1, 256, 0.000000, '2024-12-04'),
	(1, 257, 0.000000, '2024-12-04'),
	(1, 258, 0.000000, '2024-12-04'),
	(1, 259, 0.000000, '2024-12-04'),
	(1, 260, 0.000000, '2024-12-04'),
	(1, 261, 1500.000000, '2024-12-04'),
	(1, 262, 1500.000000, '2024-12-04'),
	(1, 263, 7500.000000, '2024-12-04'),
	(1, 264, 1500.000000, '2024-12-04'),
	(1, 265, 4500.000000, '2024-12-09'),
	(1, 266, 5250.000000, '2024-12-09'),
	(1, 267, 4717.020000, '2024-12-10'),
	(1, 268, 1800.000000, '2025-02-28'),
	(2, 6, 29000.000000, '2025-03-03'),
	(2, 73, 35000.000000, '2024-12-04'),
	(2, 79, 26000.000000, '2025-03-01'),
	(2, 120, 33400.000000, '2025-03-05'),
	(2, 121, 25000.000000, '2025-03-01'),
	(2, 237, 24700.460000, '2025-01-09'),
	(2, 248, 0.000000, '2025-03-04'),
	(2, 261, 2000.000000, '2024-12-04'),
	(2, 262, 2000.000000, '2024-12-04'),
	(2, 263, 10000.000000, '2024-12-04'),
	(2, 264, 2000.000000, '2024-12-04'),
	(2, 265, 6000.000000, '2024-12-09'),
	(2, 266, 7000.000000, '2024-12-09'),
	(2, 267, 6289.360000, '2024-12-10'),
	(2, 268, 2400.000000, '2025-02-28'),
	(3, 6, 31900.000000, '2025-03-03'),
	(3, 73, 36000.000000, '2024-12-04'),
	(3, 79, 28600.000000, '2025-03-01'),
	(3, 120, 36740.000000, '2025-03-05'),
	(3, 121, 27500.000000, '2025-03-01'),
	(3, 237, 27170.510000, '2025-01-09'),
	(3, 248, 0.000000, '2025-03-04'),
	(3, 261, 2200.000000, '2024-12-04'),
	(3, 262, 2200.000000, '2024-12-04'),
	(3, 263, 11000.000000, '2024-12-04'),
	(3, 264, 2200.000000, '2024-12-04'),
	(3, 265, 6600.000000, '2024-12-09'),
	(3, 266, 7700.000000, '2024-12-09'),
	(3, 267, 6918.300000, '2024-12-10'),
	(3, 268, 2640.000000, '2025-02-28');

-- Volcando estructura para tabla crm.proveedores
CREATE TABLE IF NOT EXISTS `proveedores` (
  `id` int NOT NULL AUTO_INCREMENT,
  `nombre` varchar(80) COLLATE utf8mb4_general_ci NOT NULL,
  `email` varchar(100) COLLATE utf8mb4_general_ci DEFAULT NULL,
  `telefono` varchar(20) COLLATE utf8mb4_general_ci DEFAULT NULL,
  `documento` varchar(13) COLLATE utf8mb4_general_ci NOT NULL,
  `id_tipo_doc` int NOT NULL DEFAULT '0',
  `id_tipo_iva` int NOT NULL DEFAULT '0',
  `direccion` varchar(80) COLLATE utf8mb4_general_ci DEFAULT NULL,
  PRIMARY KEY (`id`),
  KEY `FK_TipoDoc` (`id_tipo_doc`),
  KEY `FK_TipoIva` (`id_tipo_iva`),
  CONSTRAINT `FK_TipoDoc` FOREIGN KEY (`id_tipo_doc`) REFERENCES `tipo_doc` (`id`),
  CONSTRAINT `FK_TipoIva` FOREIGN KEY (`id_tipo_iva`) REFERENCES `tipo_iva` (`id`)
) ENGINE=InnoDB AUTO_INCREMENT=5 DEFAULT CHARSET=utf8mb4 COLLATE=utf8mb4_general_ci;

-- Volcando datos para la tabla crm.proveedores: ~4 rows (aproximadamente)
REPLACE INTO `proveedores` (`id`, `nombre`, `email`, `telefono`, `documento`, `id_tipo_doc`, `id_tipo_iva`, `direccion`) VALUES
	(1, 'El proveedor', 'giuliana@gmail.com', '1234', '123', 1, 1, NULL),
	(2, 'Otro proveedor', 'otroprov@gmail.com', '01-234-2345', '22345987', 1, 1, NULL),
	(3, 'El Alquiler', 'unomas@gmail.com', '264-123967', '23499651', 1, 1, NULL),
	(4, 'El Mono Tributista', '', '', '22444555', 3, 2, NULL);

-- Volcando estructura para tabla crm.puntos_venta
CREATE TABLE IF NOT EXISTS `puntos_venta` (
  `id` int NOT NULL AUTO_INCREMENT,
  `punto_vta` int NOT NULL,
  `idsucursal` int DEFAULT NULL,
  `ultima_fac_a` int NOT NULL,
  `utlima_fac_b` int NOT NULL,
  `ultima_fac_c` int NOT NULL,
  `ultima_deb_a` int NOT NULL,
  `ultima_deb_b` int NOT NULL,
  `ultima_deb_c` int NOT NULL,
  `ultima_nc_a` int NOT NULL,
  `ultima_nc_b` int NOT NULL,
  `ultima_nc_c` int NOT NULL,
  PRIMARY KEY (`id`),
  KEY `idsucursal` (`idsucursal`),
  CONSTRAINT `puntos_venta_ibfk_1` FOREIGN KEY (`idsucursal`) REFERENCES `sucursales` (`id`)
) ENGINE=InnoDB DEFAULT CHARSET=utf8mb4 COLLATE=utf8mb4_general_ci;

-- Volcando datos para la tabla crm.puntos_venta: ~0 rows (aproximadamente)

-- Volcando estructura para tabla crm.remitoc
CREATE TABLE IF NOT EXISTS `remitoc` (
  `id` int NOT NULL AUTO_INCREMENT,
  `idproveedor` int NOT NULL,
  `fecha` date NOT NULL,
  `idsucursal` int DEFAULT NULL,
  `idusuario` int DEFAULT NULL,
  PRIMARY KEY (`id`),
  KEY `idproveedor` (`idproveedor`),
  KEY `idsucursal` (`idsucursal`),
  KEY `idusuario` (`idusuario`),
  CONSTRAINT `remitoc_ibfk_1` FOREIGN KEY (`idproveedor`) REFERENCES `proveedores` (`id`),
  CONSTRAINT `remitoc_ibfk_2` FOREIGN KEY (`idsucursal`) REFERENCES `sucursales` (`id`),
  CONSTRAINT `remitoc_ibfk_3` FOREIGN KEY (`idusuario`) REFERENCES `usuarios` (`id`)
) ENGINE=InnoDB AUTO_INCREMENT=7 DEFAULT CHARSET=utf8mb4 COLLATE=utf8mb4_general_ci;

-- Volcando datos para la tabla crm.remitoc: ~2 rows (aproximadamente)
REPLACE INTO `remitoc` (`id`, `idproveedor`, `fecha`, `idsucursal`, `idusuario`) VALUES
	(5, 1, '2025-03-03', 1, 3),
	(6, 1, '2025-03-04', 1, 2);

-- Volcando estructura para tabla crm.remito_sucursales
CREATE TABLE IF NOT EXISTS `remito_sucursales` (
  `id` int NOT NULL AUTO_INCREMENT,
  `idusursal` int DEFAULT NULL,
  `iddestino` int DEFAULT NULL,
  `idusuario` int DEFAULT NULL,
  `fecha` datetime DEFAULT NULL,
  PRIMARY KEY (`id`),
  KEY `idusursal` (`idusursal`),
  KEY `iddestino` (`iddestino`),
  KEY `idusuario` (`idusuario`),
  CONSTRAINT `remito_sucursales_ibfk_1` FOREIGN KEY (`idusursal`) REFERENCES `sucursales` (`id`),
  CONSTRAINT `remito_sucursales_ibfk_2` FOREIGN KEY (`iddestino`) REFERENCES `sucursales` (`id`),
  CONSTRAINT `remito_sucursales_ibfk_3` FOREIGN KEY (`idusuario`) REFERENCES `usuarios` (`id`)
) ENGINE=InnoDB AUTO_INCREMENT=4 DEFAULT CHARSET=utf8mb4 COLLATE=utf8mb4_general_ci;

-- Volcando datos para la tabla crm.remito_sucursales: ~3 rows (aproximadamente)
REPLACE INTO `remito_sucursales` (`id`, `idusursal`, `iddestino`, `idusuario`, `fecha`) VALUES
	(1, NULL, 2, 2, '2025-03-04 00:00:00'),
	(2, NULL, 2, 3, '2025-03-04 00:00:00'),
	(3, NULL, 1, 3, '2025-03-04 00:00:00');

-- Volcando estructura para tabla crm.rubros
CREATE TABLE IF NOT EXISTS `rubros` (
  `id` int NOT NULL AUTO_INCREMENT,
  `nombre` varchar(100) COLLATE utf8mb4_general_ci NOT NULL,
  PRIMARY KEY (`id`)
) ENGINE=InnoDB AUTO_INCREMENT=5 DEFAULT CHARSET=utf8mb4 COLLATE=utf8mb4_general_ci;

-- Volcando datos para la tabla crm.rubros: ~4 rows (aproximadamente)
REPLACE INTO `rubros` (`id`, `nombre`) VALUES
	(1, 'Estética'),
	(2, 'Depilación'),
	(3, 'Productos para acne'),
	(4, 'Productos DHERMA');

-- Volcando estructura para tabla crm.stocks
CREATE TABLE IF NOT EXISTS `stocks` (
  `idstock` int NOT NULL,
  `idarticulo` int NOT NULL,
  `idsucursal` int NOT NULL,
  `actual` decimal(20,6) NOT NULL DEFAULT '0.000000',
  `maximo` decimal(20,6) DEFAULT NULL,
  `deseable` decimal(20,6) DEFAULT NULL,
  PRIMARY KEY (`idstock`,`idarticulo`,`idsucursal`),
  KEY `idarticulo` (`idarticulo`),
  CONSTRAINT `stocks_ibfk_1` FOREIGN KEY (`idarticulo`) REFERENCES `articulos` (`id`)
) ENGINE=InnoDB DEFAULT CHARSET=utf8mb4 COLLATE=utf8mb4_general_ci;

-- Volcando datos para la tabla crm.stocks: ~39 rows (aproximadamente)
REPLACE INTO `stocks` (`idstock`, `idarticulo`, `idsucursal`, `actual`, `maximo`, `deseable`) VALUES
	(1, 1, 1, 10.000000, 0.000000, 0.000000),
	(1, 2, 1, 9.000000, 0.000000, 0.000000),
	(1, 3, 1, 9.000000, 0.000000, 0.000000),
	(1, 4, 1, 19.000000, 0.000000, 0.000000),
	(1, 5, 1, 31.000000, 0.000000, 0.000000),
	(1, 5, 2, -6.000000, 0.000000, 0.000000),
	(1, 6, 1, 51.000000, 0.000000, 0.000000),
	(1, 7, 1, -1.000000, 0.000000, 0.000000),
	(1, 9, 1, 37.000000, 0.000000, 0.000000),
	(1, 9, 2, -1.000000, 0.000000, 0.000000),
	(1, 14, 1, -1.000000, 0.000000, 0.000000),
	(1, 18, 1, -5.000000, 0.000000, 0.000000),
	(1, 19, 1, -1.000000, 0.000000, 0.000000),
	(1, 30, 1, 6.000000, 0.000000, 0.000000),
	(1, 34, 1, -1.000000, 0.000000, 0.000000),
	(1, 42, 2, 5.000000, 0.000000, 0.000000),
	(1, 43, 2, 5.000000, 0.000000, 0.000000),
	(1, 52, 1, -2.000000, 0.000000, 0.000000),
	(1, 53, 2, 10.000000, 0.000000, 0.000000),
	(1, 59, 1, -3.000000, 0.000000, 0.000000),
	(1, 66, 1, 20.000000, 0.000000, 0.000000),
	(1, 73, 1, -2.000000, 0.000000, 0.000000),
	(1, 73, 2, -1.000000, 0.000000, 0.000000),
	(1, 79, 1, 10.000000, 0.000000, 0.000000),
	(1, 114, 1, -1.000000, 0.000000, 0.000000),
	(1, 120, 1, 5.000000, 0.000000, 0.000000),
	(1, 121, 1, 10.000000, 0.000000, 0.000000),
	(1, 153, 1, -2.020000, 0.000000, 0.000000),
	(1, 248, 1, 25.000000, 0.000000, 0.000000),
	(1, 248, 2, 25.000000, 0.000000, 0.000000),
	(1, 261, 1, 3.000000, 0.000000, 0.000000),
	(1, 262, 1, 3.000000, 0.000000, 0.000000),
	(1, 262, 2, -2.000000, 0.000000, 0.000000),
	(1, 263, 1, -4.000000, 0.000000, 0.000000),
	(1, 263, 2, -1.000000, 0.000000, 0.000000),
	(1, 264, 1, 2.000000, 0.000000, 0.000000),
	(1, 264, 2, 2.000000, 0.000000, 0.000000),
	(1, 265, 1, -1.000000, 0.000000, 0.000000),
	(1, 267, 1, -1.000000, 0.000000, 0.000000);

-- Volcando estructura para tabla crm.sucursales
CREATE TABLE IF NOT EXISTS `sucursales` (
  `id` int NOT NULL AUTO_INCREMENT,
  `nombre` varchar(100) COLLATE utf8mb4_general_ci NOT NULL,
  `direccion` varchar(100) COLLATE utf8mb4_general_ci NOT NULL,
  `telefono` varchar(100) COLLATE utf8mb4_general_ci NOT NULL,
  `email` varchar(100) COLLATE utf8mb4_general_ci NOT NULL,
  `alta` datetime NOT NULL,
  `baja` datetime DEFAULT NULL,
  PRIMARY KEY (`id`)
) ENGINE=InnoDB AUTO_INCREMENT=5 DEFAULT CHARSET=utf8mb4 COLLATE=utf8mb4_general_ci;

-- Volcando datos para la tabla crm.sucursales: ~2 rows (aproximadamente)
REPLACE INTO `sucursales` (`id`, `nombre`, `direccion`, `telefono`, `email`, `alta`, `baja`) VALUES
	(1, 'Fly estética Tucuman', 'tucuman', '1234', 'flyestetica@gmail.com', '2024-11-27 15:00:17', '0000-00-00 00:00:00'),
	(2, 'Fly estética Laprida', 'tucuman', '12345', 'flyestetica@gmail.com', '2024-11-28 08:18:31', '0000-00-00 00:00:00');

-- Volcando estructura para tabla crm.tareas
CREATE TABLE IF NOT EXISTS `tareas` (
  `id` int NOT NULL AUTO_INCREMENT,
  `tarea` varchar(50) COLLATE utf8mb4_general_ci DEFAULT NULL,
  PRIMARY KEY (`id`)
) ENGINE=InnoDB AUTO_INCREMENT=6 DEFAULT CHARSET=utf8mb4 COLLATE=utf8mb4_general_ci;

-- Volcando datos para la tabla crm.tareas: ~5 rows (aproximadamente)
REPLACE INTO `tareas` (`id`, `tarea`) VALUES
	(1, 'Supervisor'),
	(2, 'Administrativo'),
	(3, 'Cajero'),
	(4, 'Vendedor'),
	(5, 'Deposito');

-- Volcando estructura para tabla crm.tareas_usuario
CREATE TABLE IF NOT EXISTS `tareas_usuario` (
  `idtarea` int NOT NULL,
  `idusuario` int NOT NULL,
  PRIMARY KEY (`idtarea`,`idusuario`)
) ENGINE=InnoDB DEFAULT CHARSET=utf8mb4 COLLATE=utf8mb4_general_ci;

-- Volcando datos para la tabla crm.tareas_usuario: ~3 rows (aproximadamente)
REPLACE INTO `tareas_usuario` (`idtarea`, `idusuario`) VALUES
	(1, 1),
	(1, 2),
	(2, 1);

-- Volcando estructura para tabla crm.tipo_articulos
CREATE TABLE IF NOT EXISTS `tipo_articulos` (
  `id` int NOT NULL AUTO_INCREMENT,
  `nombre` varchar(30) COLLATE utf8mb4_general_ci NOT NULL,
  PRIMARY KEY (`id`)
) ENGINE=InnoDB AUTO_INCREMENT=4 DEFAULT CHARSET=utf8mb4 COLLATE=utf8mb4_general_ci;

-- Volcando datos para la tabla crm.tipo_articulos: ~3 rows (aproximadamente)
REPLACE INTO `tipo_articulos` (`id`, `nombre`) VALUES
	(1, 'Producto'),
	(2, 'Servicio'),
	(3, 'Insumo');

-- Volcando estructura para tabla crm.tipo_balances
CREATE TABLE IF NOT EXISTS `tipo_balances` (
  `id` int NOT NULL AUTO_INCREMENT,
  `nombre` varchar(50) COLLATE utf8mb4_general_ci NOT NULL,
  PRIMARY KEY (`id`)
) ENGINE=InnoDB AUTO_INCREMENT=3 DEFAULT CHARSET=utf8mb4 COLLATE=utf8mb4_general_ci;

-- Volcando datos para la tabla crm.tipo_balances: ~2 rows (aproximadamente)
REPLACE INTO `tipo_balances` (`id`, `nombre`) VALUES
	(1, 'Balance'),
	(2, 'Ajuste');

-- Volcando estructura para tabla crm.tipo_comprobantes
CREATE TABLE IF NOT EXISTS `tipo_comprobantes` (
  `id` int NOT NULL AUTO_INCREMENT,
  `id_tipo_iva_owner` int NOT NULL DEFAULT '0',
  `id_tipo_iva` int NOT NULL,
  `id_afip` int NOT NULL DEFAULT '0',
  `nombre` varchar(50) COLLATE utf8mb4_general_ci NOT NULL,
  `id_tipo_operacion` int NOT NULL,
  `id_tipo_comp_aplica` int NOT NULL,
  PRIMARY KEY (`id`),
  KEY `id_tipo_iva` (`id_tipo_iva`),
  KEY `FK_tipo_comprobantes_tipo_operacion` (`id_tipo_operacion`),
  KEY `FK_tipo_comprobantes_tipo_comp_aplica` (`id_tipo_comp_aplica`),
  CONSTRAINT `FK_tipo_comprobantes_tipo_comp_aplica` FOREIGN KEY (`id_tipo_comp_aplica`) REFERENCES `tipo_comp_aplica` (`id`),
  CONSTRAINT `FK_tipo_comprobantes_tipo_operacion` FOREIGN KEY (`id_tipo_operacion`) REFERENCES `tipo_operacion` (`id`),
  CONSTRAINT `tipo_comprobantes_ibfk_1` FOREIGN KEY (`id_tipo_iva`) REFERENCES `tipo_iva` (`id`)
) ENGINE=InnoDB AUTO_INCREMENT=20 DEFAULT CHARSET=utf8mb4 COLLATE=utf8mb4_general_ci;

-- Volcando datos para la tabla crm.tipo_comprobantes: ~19 rows (aproximadamente)
REPLACE INTO `tipo_comprobantes` (`id`, `id_tipo_iva_owner`, `id_tipo_iva`, `id_afip`, `nombre`, `id_tipo_operacion`, `id_tipo_comp_aplica`) VALUES
	(1, 1, 1, 0, 'A', 1, 1),
	(2, 1, 4, 0, 'B', 1, 1),
	(3, 1, 3, 0, 'Tiquet', 1, 1),
	(4, 1, 1, 0, 'Cred A', 2, 1),
	(5, 1, 2, 0, 'Cred B', 2, 1),
	(6, 1, 3, 0, 'Cred B', 2, 1),
	(7, 1, 1, 0, 'Deb A', 3, 1),
	(8, 1, 2, 0, 'Deb B', 3, 1),
	(9, 1, 3, 0, 'Deb B', 3, 1),
	(10, 2, 1, 0, 'C', 1, 1),
	(11, 2, 2, 0, 'C', 1, 1),
	(12, 2, 3, 0, 'C', 1, 1),
	(13, 2, 1, 0, 'Cred C', 2, 1),
	(14, 2, 2, 0, 'Cred C', 2, 1),
	(15, 2, 3, 0, 'Cred C', 2, 1),
	(16, 2, 1, 0, 'Deb C', 3, 1),
	(17, 2, 2, 0, 'Deb C', 3, 1),
	(18, 2, 3, 0, 'Deb C', 3, 1),
	(19, 1, 2, 0, 'C', 1, 1);

-- Volcando estructura para tabla crm.tipo_comp_aplica
CREATE TABLE IF NOT EXISTS `tipo_comp_aplica` (
  `id` int NOT NULL AUTO_INCREMENT,
  `nombre` varchar(50) COLLATE utf8mb4_general_ci NOT NULL DEFAULT '0',
  PRIMARY KEY (`id`)
) ENGINE=InnoDB AUTO_INCREMENT=4 DEFAULT CHARSET=utf8mb4 COLLATE=utf8mb4_general_ci;

-- Volcando datos para la tabla crm.tipo_comp_aplica: ~3 rows (aproximadamente)
REPLACE INTO `tipo_comp_aplica` (`id`, `nombre`) VALUES
	(1, 'COMPRA_VENTA'),
	(2, 'COMPRA'),
	(3, 'VENTA');

-- Volcando estructura para tabla crm.tipo_doc
CREATE TABLE IF NOT EXISTS `tipo_doc` (
  `id` int NOT NULL AUTO_INCREMENT,
  `nombre` varchar(30) COLLATE utf8mb4_general_ci DEFAULT NULL,
  `id_afip` int DEFAULT NULL,
  PRIMARY KEY (`id`)
) ENGINE=InnoDB AUTO_INCREMENT=4 DEFAULT CHARSET=utf8mb4 COLLATE=utf8mb4_general_ci;

-- Volcando datos para la tabla crm.tipo_doc: ~3 rows (aproximadamente)
REPLACE INTO `tipo_doc` (`id`, `nombre`, `id_afip`) VALUES
	(1, 'DNI', 96),
	(2, 'CUIL', 86),
	(3, 'CUIT', 80);

-- Volcando estructura para tabla crm.tipo_iva
CREATE TABLE IF NOT EXISTS `tipo_iva` (
  `id` int NOT NULL,
  `descripcion` varchar(50) COLLATE utf8mb4_general_ci NOT NULL DEFAULT '',
  PRIMARY KEY (`id`)
) ENGINE=InnoDB DEFAULT CHARSET=utf8mb4 COLLATE=utf8mb4_general_ci;

-- Volcando datos para la tabla crm.tipo_iva: ~4 rows (aproximadamente)
REPLACE INTO `tipo_iva` (`id`, `descripcion`) VALUES
	(1, 'Responsable inscripto'),
	(2, 'Monotributista'),
	(3, 'Consumidor final'),
	(4, 'Exento');

-- Volcando estructura para tabla crm.tipo_operacion
CREATE TABLE IF NOT EXISTS `tipo_operacion` (
  `id` int NOT NULL AUTO_INCREMENT,
  `nombre` varchar(50) COLLATE utf8mb4_general_ci NOT NULL DEFAULT '',
  PRIMARY KEY (`id`)
) ENGINE=InnoDB AUTO_INCREMENT=4 DEFAULT CHARSET=utf8mb4 COLLATE=utf8mb4_general_ci;

-- Volcando datos para la tabla crm.tipo_operacion: ~3 rows (aproximadamente)
REPLACE INTO `tipo_operacion` (`id`, `nombre`) VALUES
	(1, 'VENTA'),
	(2, 'CREDITO'),
	(3, 'DEBITO');

-- Volcando estructura para procedimiento crm.ultimas_10_ventas
DELIMITER //
CREATE PROCEDURE `ultimas_10_ventas`(
	IN `sucursal` INT
)
BEGIN

	SELECT f.id, c.nombre, f.total, u.nombre
	FROM facturav f
	JOIN clientes c
		ON f.idcliente = c.id
	JOIN usuarios u
		ON f.idusuario = u.id	
	where
		f.fecha = CURDATE() and
		f.idsucursal = sucursal
	ORDER BY f.id	
	DESC LIMIT 10;
END//
DELIMITER ;

-- Volcando estructura para tabla crm.usuarios
CREATE TABLE IF NOT EXISTS `usuarios` (
  `id` int NOT NULL AUTO_INCREMENT,
  `nombre` varchar(80) COLLATE utf8mb4_general_ci DEFAULT NULL,
  `usuario` varchar(80) COLLATE utf8mb4_general_ci DEFAULT NULL,
  `clave` varchar(200) COLLATE utf8mb4_general_ci DEFAULT NULL,
  `documento` varchar(13) COLLATE utf8mb4_general_ci DEFAULT NULL,
  `email` varchar(100) COLLATE utf8mb4_general_ci DEFAULT NULL,
  `telefono` varchar(20) COLLATE utf8mb4_general_ci DEFAULT NULL,
  `direccion` varchar(100) COLLATE utf8mb4_general_ci DEFAULT NULL,
  PRIMARY KEY (`id`)
) ENGINE=InnoDB AUTO_INCREMENT=10 DEFAULT CHARSET=utf8mb4 COLLATE=utf8mb4_general_ci;

-- Volcando datos para la tabla crm.usuarios: ~5 rows (aproximadamente)
REPLACE INTO `usuarios` (`id`, `nombre`, `usuario`, `clave`, `documento`, `email`, `telefono`, `direccion`) VALUES
	(2, 'Alejandra', 'alegram', '1234', '22117091', 'alegram@live.com.ar', '2645127842', 'Sta Lucia'),
	(3, 'Adrian', 'adrzuss', '1234', '21876740', 'adrzuss@gmail.com', '2645836223', 'Saavedra'),
	(5, 'Franco', 'franco', '1234', '123456', 'franco@gmail.com', '123456', 'Saavedra'),
	(6, 'Giuliana', 'giuli', '1234', '123456', 'giuliana@gmail.com', '123456', 'Saavedra'),
	(7, 'Gino', 'gino', '1234', '21876740', 'giuliana@gmail.com', '1234', 'Saavedra');

-- Volcando estructura para procedimiento crm.venta_articulos
DELIMITER //
CREATE PROCEDURE `venta_articulos`(
	IN `desde` DATE,
	IN `hasta` DATE
)
BEGIN
	SELECT
		  a.id,
		  a.codigo,
		  a.detalle,
        SUM(i.cantidad) AS cantidad_total,
        SUM(i.precio_total) AS total_ventas
    FROM
        facturav f
    INNER JOIN itemsv i ON f.id = i.idfactura
    INNER JOIN articulos a ON i.idarticulo = a.id
   WHERE
      f.fecha BETWEEN DATE(desde) AND DATE(hasta)
    GROUP BY
        a.id, a.codigo, a.detalle;
	
END//
DELIMITER ;

/*!40103 SET TIME_ZONE=IFNULL(@OLD_TIME_ZONE, 'system') */;
/*!40101 SET SQL_MODE=IFNULL(@OLD_SQL_MODE, '') */;
/*!40014 SET FOREIGN_KEY_CHECKS=IFNULL(@OLD_FOREIGN_KEY_CHECKS, 1) */;
/*!40101 SET CHARACTER_SET_CLIENT=@OLD_CHARACTER_SET_CLIENT */;
/*!40111 SET SQL_NOTES=IFNULL(@OLD_SQL_NOTES, 1) */;
